شماره دانشجويي,نام درس,کد درس ,گروه درس ,
1,کارگاه کامپيوتر 1,1218281,3,
1,مباني کامپيوتر و برنامه,1236313,4,
2,کارگاه کامپيوتر 1,1218281,4,
2,مباني کامپيوتر و برنامه,1236313,3,
3,کارگاه کامپيوتر 1,1218281,1,
3,مباني کامپيوتر و برنامه,1236313,4,
4,کارگاه کامپيوتر 1,1218281,1,
4,مباني کامپيوتر و برنامه,1236313,4,
5,کارگاه کامپيوتر 1,1218281,2,
5,مباني کامپيوتر و برنامه,1236313,4,
6,کارگاه کامپيوتر 1,1218281,2,
6,مباني کامپيوتر و برنامه,1236313,2,
7,کارگاه کامپيوتر 1,1218281,2,
7,مباني کامپيوتر و برنامه,1236313,2,
8,کارگاه کامپيوتر 1,1218281,2,
8,مباني کامپيوتر و برنامه,1236313,2,
9,کارگاه کامپيوتر 1,1218281,2,
9,مباني کامپيوتر و برنامه,1236313,2,
10,کارگاه کامپيوتر 1,1218281,2,
10,مباني کامپيوتر و برنامه,1236313,2,
11,کارگاه کامپيوتر 1,1218281,2,
11,مباني کامپيوتر و برنامه,1236313,2,
12,کارگاه کامپيوتر 1,1218281,2,
12,مباني کامپيوتر و برنامه,1236313,2,
13,کارگاه کامپيوتر 1,1218281,2,
13,مباني کامپيوتر و برنامه,1236313,2,
14,کارگاه کامپيوتر 1,1218281,2,
14,مباني کامپيوتر و برنامه,1236313,2,
15,کارگاه کامپيوتر 1,1218281,2,
15,مباني کامپيوتر و برنامه,1236313,2,
16,کارگاه کامپيوتر 1,1218281,2,
16,مباني کامپيوتر و برنامه,1236313,2,
17,کارگاه کامپيوتر 1,1218281,2,
17,مباني کامپيوتر و برنامه,1236313,2,
18,کارگاه کامپيوتر 1,1218281,2,
18,مباني کامپيوتر و برنامه,1236313,2,
19,کارگاه کامپيوتر 1,1218281,2,
19,مباني کامپيوتر و برنامه,1236313,2,
20,کارگاه کامپيوتر 1,1218281,2,
20,مباني کامپيوتر و برنامه,1236313,2,
21,کارگاه کامپيوتر 1,1218281,2,
21,مباني کامپيوتر و برنامه,1236313,2,
22,کارگاه کامپيوتر 1,1218281,2,
22,مباني کامپيوتر و برنامه,1236313,2,
23,کارگاه کامپيوتر 1,1218281,2,
23,مباني کامپيوتر و برنامه,1236313,2,
24,کارگاه کامپيوتر 1,1218281,2,
24,مباني کامپيوتر و برنامه,1236313,2,
25,کارگاه کامپيوتر 1,1218281,2,
25,مباني کامپيوتر و برنامه,1236313,2,
26,کارگاه کامپيوتر 1,1218281,2,
26,مباني کامپيوتر و برنامه,1236313,2,
27,کارگاه کامپيوتر 1,1218281,2,
27,مباني کامپيوتر و برنامه,1236313,2,
28,کارگاه کامپيوتر 1,1218281,2,
28,برنامه سازي پيشرفته وکارگاه,1316234,2,
28,مباني آناليز عددي,1218133,1,
28,مباني احتمال,1319153,1,
28,مباني ترکيبيات,1218163,1,
28,مباني علوم رياضي,1236303,1,
29,کارگاه کامپيوتر 1,1218281,2,
29,مباني کامپيوتر و برنامه,1236313,2,
30,کارگاه کامپيوتر 1,1218281,4,
30,مباني کامپيوتر و برنامه,1236313,2,
31,کارگاه کامپيوتر 1,1218281,2,
31,مباني کامپيوتر و برنامه,1236313,2,
32,کارگاه کامپيوتر 1,1218281,2,
32,مباني کامپيوتر و برنامه,1236313,2,
33,کارگاه کامپيوتر 1,1218281,2,
33,مباني کامپيوتر و برنامه,1236313,2,
34,کارگاه کامپيوتر 1,1218281,2,
34,مباني کامپيوتر و برنامه,1236313,2,
35,کارگاه کامپيوتر 1,1218281,3,
35,مباني کامپيوتر و برنامه,1236313,3,
36,کارگاه کامپيوتر 1,1218281,3,
36,مباني کامپيوتر و برنامه,1236313,3,
37,کارگاه کامپيوتر 1,1218281,3,
37,مباني کامپيوتر و برنامه,1236313,3,
38,کارگاه کامپيوتر 1,1218281,3,
38,مباني کامپيوتر و برنامه,1236313,3,
39,کارگاه کامپيوتر 1,1218281,3,
39,مباني کامپيوتر و برنامه,1236313,3,
40,کارگاه کامپيوتر 1,1218281,3,
40,مباني کامپيوتر و برنامه,1236313,3,
41,کارگاه کامپيوتر 1,1218281,3,
41,مباني کامپيوتر و برنامه,1236313,3,
42,کارگاه کامپيوتر 1,1218281,1,
42,مباني کامپيوتر و برنامه,1236313,1,
43,کارگاه کامپيوتر 1,1218281,1,
43,مباني کامپيوتر و برنامه,1236313,1,
44,کارگاه کامپيوتر 1,1218281,1,
44,مباني کامپيوتر و برنامه,1236313,1,
45,کارگاه کامپيوتر 1,1218281,1,
45,مباني کامپيوتر و برنامه,1236313,1,
46,کارگاه کامپيوتر 1,1218281,1,
46,مباني کامپيوتر و برنامه,1236313,1,
47,کارگاه کامپيوتر 1,1218281,1,
47,مباني کامپيوتر و برنامه,1236313,1,
48,کارگاه کامپيوتر 1,1218281,1,
48,مباني کامپيوتر و برنامه,1236313,1,
49,کارگاه کامپيوتر 1,1218281,1,
49,مباني کامپيوتر و برنامه,1236313,1,
50,کارگاه کامپيوتر 1,1218281,1,
50,مباني کامپيوتر و برنامه,1236313,1,
51,کارگاه کامپيوتر 1,1218281,1,
51,مباني کامپيوتر و برنامه,1236313,1,
52,کارگاه کامپيوتر 1,1218281,1,
52,مباني کامپيوتر و برنامه,1236313,1,
53,کارگاه کامپيوتر 1,1218281,1,
53,مباني کامپيوتر و برنامه,1236313,1,
54,کارگاه کامپيوتر 1,1218281,1,
54,مباني کامپيوتر و برنامه,1236313,1,
55,کارگاه کامپيوتر 1,1218281,1,
55,مباني کامپيوتر و برنامه,1236313,1,
56,کارگاه کامپيوتر 1,1218281,1,
56,مباني کامپيوتر و برنامه,1236313,1,
57,کارگاه کامپيوتر 1,1218281,1,
57,مباني کامپيوتر و برنامه,1236313,1,
58,کارگاه کامپيوتر 1,1218281,1,
58,مباني کامپيوتر و برنامه,1236313,1,
59,کارگاه کامپيوتر 1,1218281,1,
59,مباني کامپيوتر و برنامه,1236313,1,
60,کارگاه کامپيوتر 1,1218281,1,
60,مباني کامپيوتر و برنامه,1236313,1,
61,کارگاه کامپيوتر 1,1218281,1,
61,مباني کامپيوتر و برنامه,1236313,1,
62,کارگاه کامپيوتر 1,1218281,1,
62,مباني کامپيوتر و برنامه,1236313,1,
63,کارگاه کامپيوتر 1,1218281,1,
63,مباني کامپيوتر و برنامه,1236313,1,
64,کارگاه کامپيوتر 1,1218281,1,
64,مباني کامپيوتر و برنامه,1236313,1,
65,کارگاه کامپيوتر 1,1218281,2,
65,مباني کامپيوتر و برنامه,1236313,1,
66,کارگاه کامپيوتر 1,1218281,1,
66,مباني کامپيوتر و برنامه,1236313,1,
67,کارگاه کامپيوتر 1,1218281,1,
67,مباني کامپيوتر و برنامه,1236313,1,
68,کارگاه کامپيوتر 1,1218281,1,
68,مباني کامپيوتر و برنامه,1236313,1,
69,کارگاه کامپيوتر 1,1218281,1,
69,مباني کامپيوتر و برنامه,1236313,1,
70,کارگاه کامپيوتر 1,1218281,1,
70,مباني کامپيوتر و برنامه,1236313,1,
71,کارگاه کامپيوتر 1,1218281,2,
71,مباني کامپيوتر و برنامه,1236313,2,
72,کارگاه کامپيوتر 1,1218281,4,
72,مباني کامپيوتر و برنامه,1236313,4,
73,کارگاه کامپيوتر 1,1218281,3,
73,مباني کامپيوتر و برنامه,1236313,3,
74,کارگاه کامپيوتر 1,1218281,3,
74,مباني کامپيوتر و برنامه,1236313,3,
75,کارگاه کامپيوتر 1,1218281,3,
75,مباني کامپيوتر و برنامه,1236313,3,
76,کارگاه کامپيوتر 1,1218281,3,
76,مباني کامپيوتر و برنامه,1236313,3,
77,کارگاه کامپيوتر 1,1218281,3,
77,مباني کامپيوتر و برنامه,1236313,3,
78,کارگاه کامپيوتر 1,1218281,3,
78,مباني کامپيوتر و برنامه,1236313,3,
79,کارگاه کامپيوتر 1,1218281,3,
79,مباني کامپيوتر و برنامه,1236313,3,
80,کارگاه کامپيوتر 1,1218281,3,
80,مباني کامپيوتر و برنامه,1236313,3,
81,کارگاه کامپيوتر 1,1218281,3,
81,مباني کامپيوتر و برنامه,1236313,3,
82,کارگاه کامپيوتر 1,1218281,3,
82,مباني کامپيوتر و برنامه,1236313,3,
83,کارگاه کامپيوتر 1,1218281,3,
83,مباني کامپيوتر و برنامه,1236313,3,
84,کارگاه کامپيوتر 1,1218281,3,
84,مباني کامپيوتر و برنامه,1236313,3,
85,کارگاه کامپيوتر 1,1218281,3,
85,مباني کامپيوتر و برنامه,1236313,3,
86,کارگاه کامپيوتر 1,1218281,3,
86,مباني کامپيوتر و برنامه,1236313,3,
87,کارگاه کامپيوتر 1,1218281,3,
87,مباني کامپيوتر و برنامه,1236313,3,
88,کارگاه کامپيوتر 1,1218281,3,
88,مباني کامپيوتر و برنامه,1236313,3,
89,کارگاه کامپيوتر 1,1218281,3,
89,مباني کامپيوتر و برنامه,1236313,3,
90,کارگاه کامپيوتر 1,1218281,3,
90,مباني کامپيوتر و برنامه,1236313,3,
91,کارگاه کامپيوتر 1,1218281,3,
91,مباني کامپيوتر و برنامه,1236313,3,
92,کارگاه کامپيوتر 1,1218281,3,
92,مباني کامپيوتر و برنامه,1236313,3,
93,کارگاه کامپيوتر 1,1218281,3,
93,مباني کامپيوتر و برنامه,1236313,3,
94,کارگاه کامپيوتر 1,1218281,4,
94,مباني کامپيوتر و برنامه,1236313,4,
95,کارگاه کامپيوتر 1,1218281,4,
95,مباني کامپيوتر و برنامه,1236313,4,
96,کارگاه کامپيوتر 1,1218281,4,
96,مباني کامپيوتر و برنامه,1236313,4,
97,کارگاه کامپيوتر 1,1218281,4,
97,مباني کامپيوتر و برنامه,1236313,4,
98,کارگاه کامپيوتر 1,1218281,4,
98,مباني کامپيوتر و برنامه,1236313,4,
99,کارگاه کامپيوتر 1,1218281,4,
99,مباني کامپيوتر و برنامه,1236313,4,
100,کارگاه کامپيوتر 1,1218281,4,
100,مباني کامپيوتر و برنامه,1236313,4,
101,کارگاه کامپيوتر 1,1218281,4,
101,مباني کامپيوتر و برنامه,1236313,4,
102,کارگاه کامپيوتر 1,1218281,4,
102,مباني کامپيوتر و برنامه,1236313,4,
103,کارگاه کامپيوتر 1,1218281,4,
103,مباني کامپيوتر و برنامه,1236313,4,
104,کارگاه کامپيوتر 1,1218281,4,
104,مباني کامپيوتر و برنامه,1236313,4,
105,کارگاه کامپيوتر 1,1218281,4,
105,مباني کامپيوتر و برنامه,1236313,4,
106,کارگاه کامپيوتر 1,1218281,4,
106,مباني کامپيوتر و برنامه,1236313,4,
107,کارگاه کامپيوتر 1,1218281,4,
107,مباني کامپيوتر و برنامه,1236313,4,
108,کارگاه کامپيوتر 1,1218281,4,
108,مباني کامپيوتر و برنامه,1236313,4,
109,کارگاه کامپيوتر 1,1218281,4,
109,مباني کامپيوتر و برنامه,1236313,4,
110,کارگاه کامپيوتر 1,1218281,4,
110,مباني کامپيوتر و برنامه,1236313,4,
111,کارگاه کامپيوتر 1,1218281,4,
111,مباني کامپيوتر و برنامه,1236313,4,
112,کارگاه کامپيوتر 1,1218281,4,
112,مباني کامپيوتر و برنامه,1236313,4,
113,کارگاه کامپيوتر 1,1218281,4,
113,مباني کامپيوتر و برنامه,1236313,4,
114,کارگاه کامپيوتر 1,1218281,4,
114,مباني کامپيوتر و برنامه,1236313,4,
115,کارگاه کامپيوتر 1,1218281,4,
115,مباني کامپيوتر و برنامه,1236313,4,
116,کارگاه کامپيوتر 1,1218281,4,
116,مباني کامپيوتر و برنامه,1236313,4,
117,کارگاه کامپيوتر 1,1218281,4,
117,مباني کامپيوتر و برنامه,1236313,4,
118,کارگاه کامپيوتر 1,1218281,4,
118,مباني کامپيوتر و برنامه,1236313,4,
119,کارگاه کامپيوتر 1,1218281,4,
119,مباني کامپيوتر و برنامه,1236313,4,
120,کارگاه کامپيوتر 1,1218281,2,
120,مباني کامپيوتر و برنامه,1236313,4,
121,کارگاه کامپيوتر 1,1218281,4,
121,مباني کامپيوتر و برنامه,1236313,4,
122,مباني کارآفريني,1236322,1,
122,مباني ترکيبيات,1218163,1,
122,مباني علوم رياضي,1236303,1,
123,اصول سيستمهاي کامپيوتري,1218374,1,
123,ساختمان داده,1218304,2,
123,مباني آناليز عددي,1218133,2,
124,اصول سيستمهاي کامپيوتري,1218374,1,
124,ساختمان داده,1218304,1,
124,مباني آناليز عددي,1218133,2,
124,مباني ترکيبيات,1218163,1,
125,ساختمان داده,1218304,2,
125,مباني آناليز عددي,1218133,2,
125,مباني علوم رياضي,1236303,1,
126,برنامه سازي پيشرفته وکارگاه,1316234,1,
126,مباني ترکيبيات,1218163,1,
126,مباني ماتريسها و جبر خطي,1218103,2,
127,برنامه سازي پيشرفته وکارگاه,1316234,1,
127,مباني کارآفريني,1236322,2,
127,مباني ترکيبيات,1218163,1,
128,برنامه سازي پيشرفته وکارگاه,1316234,1,
128,زبان تخصصي,1218603,1,
128,مباني آناليز عددي,1218133,2,
128,مباني احتمال,1319153,1,
129,اصول سيستمهاي کامپيوتري,1218374,1,
129,ساختمان داده,1218304,2,
129,مباني آناليز عددي,1218133,2,
129,مباني احتمال,1319153,1,
129,مباني منطق و نظريه مجموعه,1218243,2,
130,برنامه سازي پيشرفته وکارگاه,1316234,2,
130,مباني کارآفريني,1236322,2,
130,مباني علوم رياضي,1236303,1,
131,اصول سيستمهاي کامپيوتري,1218374,1,
131,ساختمان داده,1218304,1,
131,مباني آناليز عددي,1218133,2,
131,مباني ماتريسها و جبر خطي,1218103,1,
132,برنامه سازي پيشرفته وکارگاه,1316234,2,
132,زبان تخصصي,1218603,1,
132,مباني کارآفريني,1236322,1,
132,مباني ترکيبيات,1218163,1,
132,مباني علوم رياضي,1236303,1,
133,برنامه سازي پيشرفته وکارگاه,1316234,2,
133,زبان تخصصي,1218603,1,
133,مباني آناليز عددي,1218133,2,
133,مباني ترکيبيات,1218163,1,
133,مباني علوم رياضي,1236303,1,
134,اصول سيستمهاي کامپيوتري,1218374,1,
134,ساختمان داده,1218304,1,
134,مباني آناليز عددي,1218133,1,
134,مباني احتمال,1319153,1,
134,مباني ماتريسها و جبر خطي,1218103,1,
135,اصول سيستمهاي کامپيوتري,1218374,1,
135,ساختمان داده,1218304,2,
135,مباني کارآفريني,1236322,1,
136,برنامه سازي پيشرفته وکارگاه,1316234,1,
136,مباني آناليز عددي,1218133,2,
136,مباني ماتريسها و جبر خطي,1218103,1,
137,احتمال 1,1218203,1,
137,برنامه سازي پيشرفته وکارگاه,1316234,2,
137,مباني آناليز عددي,1218133,1,
137,مباني ترکيبيات,1218163,1,
137,مباني علوم رياضي,1236303,1,
138,ساختمان داده,1218304,2,
138,مباني ماتريسها و جبر خطي,1218103,1,
139,برنامه سازي پيشرفته وکارگاه,1316234,1,
139,مباني آناليز عددي,1218133,2,
139,مباني ماتريسها و جبر خطي,1218103,1,
140,اصول سيستمهاي کامپيوتري,1218374,1,
140,ساختمان داده,1218304,1,
140,مباني ترکيبيات,1218163,1,
140,مباني ماتريسها و جبر خطي,1218103,2,
141,اصول سيستمهاي کامپيوتري,1218374,1,
141,ساختمان داده,1218304,2,
141,مباني احتمال,1319153,1,
141,مباني ترکيبيات,1218163,1,
142,ساختمان داده,1218304,2,
142,مباني کارآفريني,1236322,2,
142,نظريه گراف,1129043,1,
143,ساختمان داده,1218304,1,
143,مباني آناليز عددي,1218133,1,
143,مباني احتمال,1319153,1,
144,اصول سيستمهاي کامپيوتري,1218374,1,
144,ساختمان داده,1218304,1,
144,مباني احتمال,1319153,1,
144,مباني ماتريسها و جبر خطي,1218103,1,
145,اصول سيستمهاي کامپيوتري,1218374,1,
145,ساختمان داده,1218304,2,
145,مباني آناليز عددي,1218133,2,
145,مباني ترکيبيات,1218163,1,
145,مباني ماتريسها و جبر خطي,1218103,1,
146,احتمال 1,1218203,1,
146,برنامه سازي پيشرفته وکارگاه,1316234,2,
146,مباني آناليز عددي,1218133,1,
146,مباني ترکيبيات,1218163,1,
146,مباني علوم رياضي,1236303,1,
147,اصول سيستمهاي کامپيوتري,1218374,1,
147,ساختمان داده,1218304,2,
147,مباني آناليز عددي,1218133,2,
148,اصول سيستمهاي کامپيوتري,1218374,1,
148,ساختمان داده,1218304,2,
148,مباني ترکيبيات,1218163,1,
148,مباني ماتريسها و جبر خطي,1218103,2,
149,ساختمان داده,1218304,1,
149,مباني احتمال,1319153,1,
149,مباني ترکيبيات,1218163,1,
150,برنامه سازي پيشرفته وکارگاه,1316234,1,
150,مباني کارآفريني,1236322,1,
150,مباني ترکيبيات,1218163,1,
150,مباني ماتريسها و جبر خطي,1218103,2,
150,مباني منطق و نظريه مجموعه,1218243,1,
151,برنامه سازي پيشرفته وکارگاه,1316234,2,
151,مباني احتمال,1319153,1,
151,مباني ترکيبيات,1218163,1,
151,مباني علوم رياضي,1236303,1,
152,اصول سيستمهاي کامپيوتري,1218374,1,
152,ساختمان داده,1218304,2,
152,مباني احتمال,1319153,1,
152,مباني ترکيبيات,1218163,1,
152,مباني ماتريسها و جبر خطي,1218103,1,
153,ساختمان داده,1218304,2,
153,مباني کارآفريني,1236322,2,
153,نظريه گراف,1129043,1,
154,برنامه سازي پيشرفته وکارگاه,1316234,1,
154,مباني احتمال,1319153,1,
154,مباني ماتريسها و جبر خطي,1218103,2,
154,مباني منطق و نظريه مجموعه,1218243,1,
155,اصول سيستمهاي کامپيوتري,1218374,1,
155,ساختمان داده,1218304,1,
155,مباني احتمال,1319153,1,
155,مباني ماتريسها و جبر خطي,1218103,1,
156,برنامه سازي پيشرفته وکارگاه,1316234,1,
156,مباني آناليز عددي,1218133,2,
156,مباني احتمال,1319153,1,
156,مباني ترکيبيات,1218163,1,
156,مباني ماتريسها و جبر خطي,1218103,1,
157,اصول سيستمهاي کامپيوتري,1218374,1,
157,ساختمان داده,1218304,2,
157,مباني احتمال,1319153,1,
157,مباني ماتريسها و جبر خطي,1218103,1,
158,برنامه سازي پيشرفته وکارگاه,1316234,1,
158,ساختمان داده,1218304,2,
158,مباني کارآفريني,1236322,1,
159,اصول سيستمهاي کامپيوتري,1218374,1,
159,ساختمان داده,1218304,1,
159,مباني منطق و نظريه مجموعه,1218243,2,
160,اصول سيستمهاي کامپيوتري,1218374,1,
160,ساختمان داده,1218304,2,
160,مباني ماتريسها و جبر خطي,1218103,1,
161,اصول سيستمهاي کامپيوتري,1218374,1,
161,ساختمان داده,1218304,1,
161,مباني آناليز عددي,1218133,2,
161,مباني احتمال,1319153,1,
162,اصول سيستمهاي کامپيوتري,1218374,1,
162,ساختمان داده,1218304,2,
162,مباني احتمال,1319153,1,
162,نظريه گراف,1129043,1,
163,اصول سيستمهاي کامپيوتري,1218374,1,
163,ساختمان داده,1218304,1,
163,مباني احتمال,1319153,1,
163,مباني ماتريسها و جبر خطي,1218103,1,
164,ساختمان داده,1218304,2,
164,شبيه,1128413,1,
164,مباني آناليز عددي,1218133,2,
164,مباني ماتريسها و جبر خطي,1218103,2,
165,ساختمان داده,1218304,2,
165,مباني ماتريسها و جبر خطي,1218103,1,
166,اصول سيستمهاي کامپيوتري,1218374,1,
166,ساختمان داده,1218304,2,
166,مباني احتمال,1319153,1,
166,مباني ماتريسها و جبر خطي,1218103,1,
167,اصول سيستمهاي کامپيوتري,1218374,1,
167,ساختمان داده,1218304,2,
167,مباني آناليز عددي,1218133,2,
167,مباني ماتريسها و جبر خطي,1218103,1,
168,ساختمان داده,1218304,2,
168,مباني آناليز عددي,1218133,2,
168,مباني ماتريسها و جبر خطي,1218103,1,
169,اصول سيستمهاي کامپيوتري,1218374,1,
169,ساختمان داده,1218304,1,
169,مباني آناليز عددي,1218133,2,
170,برنامه سازي پيشرفته وکارگاه,1316234,1,
170,مباني کارآفريني,1236322,1,
170,مباني ترکيبيات,1218163,1,
170,مباني ماتريسها و جبر خطي,1218103,2,
170,مباني منطق و نظريه مجموعه,1218243,1,
171,اصول سيستمهاي کامپيوتري,1218374,1,
171,ساختمان داده,1218304,1,
171,مباني آناليز عددي,1218133,2,
171,نظريه گراف,1129043,1,
172,اصول سيستمهاي کامپيوتري,1218374,1,
172,ساختمان داده,1218304,1,
172,مباني احتمال,1319153,1,
173,برنامه سازي پيشرفته وکارگاه,1316234,1,
173,مباني کارآفريني,1236322,1,
173,مباني آناليز عددي,1218133,1,
173,مباني احتمال,1319153,1,
173,مباني ترکيبيات,1218163,1,
174,اصول سيستمهاي کامپيوتري,1218374,1,
174,ساختمان داده,1218304,2,
174,مباني آناليز عددي,1218133,2,
174,مباني احتمال,1319153,1,
174,مباني ترکيبيات,1218163,1,
175,اصول سيستمهاي کامپيوتري,1218374,1,
175,ساختمان داده,1218304,2,
175,مباني ماتريسها و جبر خطي,1218103,1,
176,احتمال 1,1218203,1,
176,ساختمان داده,1218304,2,
176,مباني ماتريسها و جبر خطي,1218103,2,
176,مباني منطق و نظريه مجموعه,1218243,1,
177,اصول سيستمهاي کامپيوتري,1218374,1,
177,ساختمان داده,1218304,2,
177,مباني آناليز عددي,1218133,2,
177,مباني ترکيبيات,1218163,1,
178,احتمال 1,1218203,1,
178,اصول سيستمهاي کامپيوتري,1218374,1,
178,ساختمان داده,1218304,2,
178,مباني آناليز عددي,1218133,2,
179,اصول سيستمهاي کامپيوتري,1218374,1,
179,ساختمان داده,1218304,1,
179,مباني ماتريسها و جبر خطي,1218103,1,
180,برنامه سازي پيشرفته وکارگاه,1316234,1,
180,مباني آناليز عددي,1218133,2,
180,مباني احتمال,1319153,1,
180,مباني ماتريسها و جبر خطي,1218103,2,
181,اصول سيستمهاي کامپيوتري,1218374,1,
181,ساختمان داده,1218304,2,
181,مباني احتمال,1319153,1,
181,مباني ماتريسها و جبر خطي,1218103,2,
181,نرم,1316283,1,
182,اصول سيستمهاي کامپيوتري,1218374,1,
182,ساختمان داده,1218304,2,
182,شبيه,1128413,1,
182,مباني کارآفريني,1236322,2,
182,مباني ترکيبيات,1218163,1,
183,اصول سيستمهاي کامپيوتري,1218374,1,
183,ساختمان داده,1218304,2,
183,مباني آناليز عددي,1218133,2,
183,مباني احتمال,1319153,1,
183,مباني ماتريسها و جبر خطي,1218103,2,
184,کارگاه کامپيوتر 1,1218281,3,
184,اصول حسابداري و هزينه,1126743,1,
184,مباني کارآفريني,1236322,2,
184,مباني کامپيوتر و برنامه,1236313,1,
185,برنامه سازي پيشرفته وکارگاه,1316234,2,
185,مباني احتمال,1319153,1,
185,مباني علوم رياضي,1236303,1,
185,مباني ماتريسها و جبر خطي,1218103,2,
186,برنامه سازي پيشرفته وکارگاه,1316234,2,
186,زبان تخصصي,1218603,1,
186,مباني ترکيبيات,1218163,1,
186,مباني علوم رياضي,1236303,1,
186,نرم,1316283,1,
187,برنامه سازي پيشرفته وکارگاه,1316234,1,
187,مباني آناليز رياضي,1218123,1,
187,مباني آناليز عددي,1218133,2,
187,مباني ترکيبيات,1218163,1,
187,مباني جبر,1218173,1,
187,مباني ماتريسها و جبر خطي,1218103,2,
188,مباني آناليز رياضي,1218123,1,
188,مباني ترکيبيات,1218163,1,
188,مباني ماتريسها و جبر خطي,1218103,2,
189,مباني ترکيبيات,1218163,1,
189,مباني علوم رياضي,1236303,1,
190,برنامه سازي پيشرفته وکارگاه,1316234,1,
190,مباني آناليز عددي,1218133,2,
190,مباني احتمال,1319153,1,
190,مباني ماتريسها و جبر خطي,1218103,2,
190,نرم,1316283,1,
191,اصول سيستمهاي کامپيوتري,1218374,1,
191,ساختمان داده,1218304,1,
191,مباني آناليز عددي,1218133,2,
191,نرم,1316283,1,
191,نظريه گراف,1129043,1,
192,فلسفه علم,1218563,1,
192,مباني کارآفريني,1236322,1,
192,مباني آناليز رياضي,1218123,1,
192,نظريه گراف,1129043,1,
192,نظريه مقدماتي اعداد,1218253,1,
193,ساختمان داده,1218304,1,
193,مباني آناليز عددي,1218133,2,
193,مباني ترکيبيات,1218163,1,
193,مباني ماتريسها و جبر خطي,1218103,2,
194,احتمال 1,1218203,1,
194,برنامه سازي پيشرفته وکارگاه,1316234,1,
194,مباني آناليز رياضي,1218123,1,
194,مباني ماتريسها و جبر خطي,1218103,2,
194,نظريه مقدماتي اعداد,1218253,1,
195,مباني آناليز رياضي,1218123,1,
195,مباني آناليز عددي,1218133,2,
195,مباني احتمال,1319153,1,
195,مباني منطق و نظريه مجموعه,1218243,2,
195,نرم,1316283,1,
195,نظريه مقدماتي اعداد,1218253,1,
196,برنامه سازي پيشرفته وکارگاه,1316234,1,
196,مباني کارآفريني,1236322,1,
196,مباني آناليز عددي,1218133,1,
196,مباني احتمال,1319153,1,
196,مباني ماتريسها و جبر خطي,1218103,1,
197,مباني کامپيوتر و برنامه,1236313,4,
197,مباني آناليز عددي,1218133,2,
197,مباني ترکيبيات,1218163,1,
197,مباني ماتريسها و جبر خطي,1218103,2,
198,احتمال 1,1218203,1,
198,اصول سيستمهاي کامپيوتري,1218374,1,
198,ساختمان داده,1218304,2,
199,فلسفه علم,1218563,1,
199,مباني آناليز رياضي,1218123,1,
199,مباني جبر,1218173,1,
199,مباني ماتريسها و جبر خطي,1218103,2,
199,نظريه مقدماتي اعداد,1218253,1,
200,ساختمان داده,1218304,1,
200,مباني آناليز عددي,1218133,1,
200,مباني احتمال,1319153,1,
200,مباني ماتريسها و جبر خطي,1218103,1,
201,اصول سيستمهاي کامپيوتري,1218374,1,
201,ساختمان داده,1218304,1,
201,مباني آناليز عددي,1218133,2,
201,مباني احتمال,1319153,1,
201,مباني ماتريسها و جبر خطي,1218103,1,
202,برنامه سازي پيشرفته وکارگاه,1316234,1,
202,زبان تخصصي,1218603,1,
202,مباني کارآفريني,1236322,1,
202,مباني آناليز عددي,1218133,1,
202,مباني احتمال,1319153,1,
203,مباني آناليز عددي,1218133,2,
203,مباني احتمال,1319153,1,
203,مباني ترکيبيات,1218163,1,
203,مباني ماتريسها و جبر خطي,1218103,2,
204,برنامه سازي پيشرفته وکارگاه,1316234,1,
204,مباني آناليز رياضي,1218123,1,
204,مباني ترکيبيات,1218163,1,
204,مباني ماتريسها و جبر خطي,1218103,2,
204,نرم,1316283,1,
205,مباني آناليز عددي,1218133,2,
205,مباني ترکيبيات,1218163,1,
205,مباني علوم رياضي,1236303,1,
205,مباني ماتريسها و جبر خطي,1218103,2,
205,نرم,1316283,1,
206,مباني آناليز عددي,1218133,2,
206,مباني احتمال,1319153,1,
206,مباني ماتريسها و جبر خطي,1218103,1,
206,مباني منطق و نظريه مجموعه,1218243,2,
206,نرم,1316283,1,
207,برنامه سازي پيشرفته وکارگاه,1316234,1,
207,زبان تخصصي,1218603,1,
207,مباني آناليز عددي,1218133,1,
207,مباني ماتريسها و جبر خطي,1218103,2,
208,زبان تخصصي,1218603,1,
208,مباني آناليز رياضي,1218123,1,
208,مباني جبر,1218173,1,
208,مباني ماتريسها و جبر خطي,1218103,2,
208,نظريه مقدماتي اعداد,1218253,1,
209,ساختمان داده,1218304,2,
209,مباني کارآفريني,1236322,1,
209,مباني ترکيبيات,1218163,1,
209,نرم,1316283,1,
210,برنامه سازي پيشرفته وکارگاه,1316234,1,
210,مباني ماتريسها و جبر خطي,1218103,1,
211,اصول سيستمهاي کامپيوتري,1218374,1,
211,ساختمان داده,1218304,2,
211,مباني ماتريسها و جبر خطي,1218103,1,
212,برنامه سازي پيشرفته وکارگاه,1316234,1,
212,مباني آناليز عددي,1218133,2,
212,مباني ماتريسها و جبر خطي,1218103,1,
212,نرم,1316283,1,
212,نظريه گراف,1129043,1,
213,زبان تخصصي,1218603,1,
213,مباني آناليز رياضي,1218123,1,
213,مباني جبر,1218173,1,
213,مباني ماتريسها و جبر خطي,1218103,2,
213,نظريه مقدماتي اعداد,1218253,1,
214,مباني کامپيوتر و برنامه,1236313,1,
214,مباني آناليز رياضي,1218123,1,
214,مباني ترکيبيات,1218163,1,
214,مباني جبر,1218173,1,
214,نرم,1316283,1,
214,نظريه مقدماتي اعداد,1218253,1,
215,زبان تخصصي,1218603,1,
215,مباني آناليز رياضي,1218123,1,
215,مباني ترکيبيات,1218163,1,
215,مباني علوم رياضي,1236303,1,
215,نرم,1316283,1,
215,نظريه مقدماتي اعداد,1218253,1,
216,برنامه سازي پيشرفته وکارگاه,1316234,1,
216,مباني آناليز رياضي,1218123,1,
216,مباني آناليز عددي,1218133,2,
216,مباني جبر,1218173,1,
216,مباني ماتريسها و جبر خطي,1218103,1,
217,ساختمان داده,1218304,2,
217,مباني آناليز عددي,1218133,2,
217,مباني احتمال,1319153,1,
217,مباني ماتريسها و جبر خطي,1218103,2,
218,زبان تخصصي,1218603,1,
218,مباني آناليز رياضي,1218123,1,
218,مباني جبر,1218173,1,
218,مباني ماتريسها و جبر خطي,1218103,2,
218,نرم,1316283,1,
218,نظريه مقدماتي اعداد,1218253,1,
219,مباني کامپيوتر و برنامه,1236313,1,
219,مباني آناليز عددي,1218133,2,
219,مباني ماتريسها و جبر خطي,1218103,1,
219,نظريه گراف,1129043,1,
220,مباني کامپيوتر و برنامه,1236313,3,
220,مباني آناليز عددي,1218133,2,
220,مباني ماتريسها و جبر خطي,1218103,1,
221,اصول سيستمهاي کامپيوتري,1218374,1,
221,ساختمان داده,1218304,2,
221,مباني آناليز رياضي,1218123,1,
221,مباني آناليز عددي,1218133,2,
221,مباني ترکيبيات,1218163,1,
221,مباني ماتريسها و جبر خطي,1218103,2,
222,برنامه سازي پيشرفته وکارگاه,1316234,2,
222,مباحثي در رياضيات و کاربردها,1218463,1,
222,مباني احتمال,1319153,1,
222,مباني ترکيبيات,1218163,1,
222,مباني علوم رياضي,1236303,1,
222,نرم,1316283,1,
223,مباني آناليز رياضي,1218123,1,
223,مباني آناليز عددي,1218133,2,
223,مباني احتمال,1319153,1,
223,مباني ترکيبيات,1218163,1,
223,مباني ماتريسها و جبر خطي,1218103,2,
224,ساختمان داده,1218304,2,
224,مباني احتمال,1319153,1,
224,مباني علوم رياضي,1236303,1,
225,ساختمان داده,1218304,1,
225,مباني آناليز رياضي,1218123,1,
225,مباني جبر,1218173,1,
225,مباني ماتريسها و جبر خطي,1218103,1,
226,مباني آناليز رياضي,1218123,1,
226,مباني آناليز عددي,1218133,2,
226,مباني جبر,1218173,1,
226,نظريه گراف,1129043,1,
226,نظريه مقدماتي اعداد,1218253,1,
227,برنامه سازي پيشرفته وکارگاه,1316234,2,
227,مباني علوم رياضي,1236303,1,
228,ساختمان داده,1218304,2,
228,مباني آناليز عددي,1218133,2,
228,مباني ماتريسها و جبر خطي,1218103,1,
228,نرم,1316283,1,
229,مباحثي در رياضيات و کاربردها,1218463,1,
229,مباني آناليز رياضي,1218123,1,
229,مباني آناليز عددي,1218133,2,
229,مباني احتمال,1319153,1,
229,مباني ماتريسها و جبر خطي,1218103,1,
229,نرم,1316283,1,
229,نظريه گراف,1129043,1,
230,مباني آناليز رياضي,1218123,1,
230,مباني آناليز عددي,1218133,2,
230,مباني ترکيبيات,1218163,1,
230,مباني ماتريسها و جبر خطي,1218103,1,
230,نرم,1316283,1,
231,فلسفه علم,1218563,1,
231,مباني علوم رياضي,1236303,1,
232,برنامه سازي پيشرفته وکارگاه,1316234,2,
232,مباني کارآفريني,1236322,1,
232,مباني علوم رياضي,1236303,1,
233,برنامه سازي پيشرفته وکارگاه,1316234,1,
233,زبان تخصصي,1218603,1,
233,مباني آناليز عددي,1218133,2,
233,مباني ماتريسها و جبر خطي,1218103,1,
234,مباني ترکيبيات,1218163,1,
234,مباني علوم رياضي,1236303,1,
235,کارگاه کامپيوتر 1,1218281,2,
235,برنامه سازي پيشرفته وکارگاه,1316234,2,
235,روش تحقيق و گزارش,1218272,1,
235,شبيه,1128413,1,
235,مباني کارآفريني,1236322,2,
235,مباني ترکيبيات,1218163,1,
235,مباني علوم رياضي,1236303,1,
236,کارگاه کامپيوتر 1,1218281,4,
236,برنامه سازي پيشرفته وکارگاه,1316234,2,
236,روش تحقيق و گزارش,1218272,1,
236,زبان تخصصي,1218603,1,
236,مباني ترکيبيات,1218163,1,
236,مباني علوم رياضي,1236303,1,
237,کارگاه کامپيوتر 1,1218281,4,
237,روش تحقيق و گزارش,1218272,1,
237,زبان تخصصي,1218603,1,
237,مباني کارآفريني,1236322,2,
237,مباني ترکيبيات,1218163,1,
237,مباني علوم رياضي,1236303,1,
237,نرم,1316283,1,
238,کارگاه کامپيوتر 1,1218281,4,
238,روش تحقيق و گزارش,1218272,1,
238,زبان تخصصي,1218603,1,
238,شبيه,1128413,1,
238,مباني ترکيبيات,1218163,1,
238,مباني علوم رياضي,1236303,1,
238,نرم,1316283,1,
239,برنامه سازي پيشرفته وکارگاه,1316234,2,
239,مباني آناليز عددي,1218133,2,
239,مباني احتمال,1319153,1,
239,مباني ترکيبيات,1218163,1,
239,مباني علوم رياضي,1236303,1,
240,کارگاه کامپيوتر 1,1218281,2,
240,برنامه سازي پيشرفته وکارگاه,1316234,2,
240,روش تحقيق و گزارش,1218272,1,
240,شبيه,1128413,1,
240,مباني ترکيبيات,1218163,1,
240,مباني علوم رياضي,1236303,1,
241,اصول سيستمهاي کامپيوتري,1218374,1,
241,طراحي و تحليل الگوريتمها,1218323,1,
241,مباني آناليز عددي,1218133,1,
241,مباني احتمال,1319153,1,
241,مباني ترکيبيات,1218163,1,
241,مباني ماتريسها و جبر خطي,1218103,2,
242,کامپايلر,1218353,1,
242,شبيه,1128413,1,
242,مباني ماتريسها و جبر خطي,1218103,1,
242,نظريه گراف,1129043,1,
242,نظريه محاسبه,1218313,1,
243,اصول سيستمهاي کامپيوتري,1218374,1,
243,شبيه,1128413,1,
243,طراحي و تحليل الگوريتمها,1218323,1,
243,مباني ماتريسها و جبر خطي,1218103,1,
243,نظريه گراف,1129043,1,
243,هوش مصنوعي,1255033,2,
244,اصول سيستمهاي کامپيوتري,1218374,1,
244,طراحي و تحليل الگوريتمها,1218323,1,
244,مباني آناليز عددي,1218133,1,
244,مباني ماتريسها و جبر خطي,1218103,1,
244,مباني منطق و نظريه مجموعه,1218243,1,
244,نظريه گراف,1129043,1,
245,اصول سيستمهاي کامپيوتري,1218374,1,
245,ساختمان داده,1218304,1,
245,مباني آناليز عددي,1218133,2,
245,مباني احتمال,1319153,1,
245,مباني ماتريسها و جبر خطي,1218103,1,
246,احتمال 1,1218203,1,
246,اصول سيستمهاي کامپيوتري,1218374,1,
246,اصول طراحي نرم افزار وکارگاه,1380044,1,
246,طراحي و تحليل الگوريتمها,1218323,1,
246,مباني ماتريسها و جبر خطي,1218103,1,
246,مباني نظريه محاسبه,1218293,1,
246,هوش مصنوعي,1255033,1,
247,اصول سيستمهاي کامپيوتري,1218374,1,
247,جبر خطي عددي,1218193,1,
247,ساختمان داده,1218304,1,
248,نظريه محاسبه,1218313,1,
249,اصول طراحي نرم افزار وکارگاه,1380044,1,
249,شبيه,1128413,1,
249,نظريه گراف,1129043,1,
249,نظريه محاسبه,1218313,1,
249,هوش مصنوعي,1255033,1,
250,کارگاه کامپيوتر 1,1218281,3,
250,مباني کامپيوتر و برنامه,1236313,3,
251,برنامه سازي پيشرفته وکارگاه,1316234,1,
252,شبيه,1128413,1,
253,ساختمان داده,1218304,2,
254,اصول سيستمهاي کامپيوتري,1218374,1,
254,طراحي و تحليل الگوريتمها,1218323,1,
254,مباني ماتريسها و جبر خطي,1218103,1,
254,مباني منطق و نظريه مجموعه,1218243,1,
254,مباني نظريه محاسبه,1218293,1,
255,کامپايلر,1218353,1,
255,اصول طراحي نرم افزار وکارگاه,1380044,1,
255,جبر خطي عددي,1218193,1,
255,روش تحقيق و گزارش,1218272,1,
255,شبيه,1128413,1,
255,مباني منطق و نظريه مجموعه,1218243,2,
256,احتمال 1,1218203,1,
256,بهينه,1218343,1,
256,روش تحقيق و گزارش,1218272,1,
256,مباني آناليز عددي,1218133,1,
256,مباني نظريه محاسبه,1218293,1,
256,هوش مصنوعي,1255033,2,
257,ساختمان داده,1218304,2,
257,مباني آناليز رياضي,1218123,1,
257,مباني ماتريسها و جبر خطي,1218103,2,
258,کامپايلر,1218353,1,
258,جبر خطي عددي,1218193,1,
258,شبيه,1128413,1,
258,طراحي هندسي کامپيوتري,1218383,1,
258,هوش مصنوعي,1255033,2,
259,بهينه,1218183,1,
259,زبان تخصصي,1218603,1,
259,شبيه,1128413,1,
259,طراحي و تحليل الگوريتمها,1218323,1,
259,مباني ماتريسها و جبر خطي,1218103,1,
260,کامپايلر,1218353,1,
260,بهينه,1254083,1,
260,جبر خطي عددي,1218193,1,
260,مباني احتمال,1319153,1,
260,مباني منطق و نظريه مجموعه,1218243,2,
260,نرم,1316283,1,
261,اصول حسابداري و هزينه,1126743,1,
261,بهينه,1218183,1,
261,جبر خطي عددي,1218193,1,
261,مباني آناليز عددي,1218133,2,
261,مباني ترکيبيات,1218163,1,
262,ساختمان داده,1218304,1,
262,مباني احتمال,1319153,1,
262,مباني علوم رياضي,1236303,1,
262,مباني ماتريسها و جبر خطي,1218103,1,
263,کامپايلر,1218353,1,
263,اصول سيستمهاي کامپيوتري,1218374,1,
263,زبان تخصصي,1218603,1,
263,مباني آناليز عددي,1218133,1,
263,مباني جبر,1218173,1,
263,هوش مصنوعي,1255033,1,
264,مباني احتمال,1319153,1,
264,مباني ماتريسها و جبر خطي,1218103,1,
264,نظريه گراف,1129043,1,
264,هوش مصنوعي,1255033,1,
265,اصول حسابداري و هزينه,1126743,1,
265,بهينه,1218183,1,
265,جبر خطي عددي,1218193,1,
265,طراحي و تحليل الگوريتمها,1218323,1,
265,نظريه گراف,1129043,1,
266,بهينه,1218183,1,
266,شبيه,1128413,1,
266,مباني منطق و نظريه مجموعه,1218243,2,
266,نظريه گراف,1129043,1,
266,هوش مصنوعي,1255033,1,
267,اصول حسابداري و هزينه,1126743,1,
267,اصول سيستمهاي کامپيوتري,1218374,1,
267,ساختمان داده,1218304,1,
267,شبيه,1128413,1,
267,مباني آناليز رياضي,1218123,1,
268,اصول سيستمهاي کامپيوتري,1218374,1,
268,طراحي و تحليل الگوريتمها,1218323,1,
268,مباني ماتريسها و جبر خطي,1218103,1,
268,نظريه محاسبه,1218313,1,
269,اصول سيستمهاي کامپيوتري,1218374,1,
269,بهينه,1218183,1,
269,شبيه,1128413,1,
269,طراحي و تحليل الگوريتمها,1218323,1,
269,نظريه محاسبه,1218313,1,
270,کامپايلر,1218353,1,
270,جبر خطي عددي,1218193,1,
270,زبان تخصصي,1218603,1,
270,طراحي و تحليل الگوريتمها,1218323,1,
270,نظريه گراف,1129043,1,
271,مباني احتمال,1319153,1,
271,مباني ترکيبيات,1218163,1,
271,مباني ماتريسها و جبر خطي,1218103,1,
271,مباني منطق و نظريه مجموعه,1218243,1,
271,مباني نظريه محاسبه,1218293,1,
272,اصول سيستمهاي کامپيوتري,1218374,1,
272,بهينه,1218183,1,
272,شبيه,1128413,1,
272,طراحي و تحليل الگوريتمها,1218323,1,
272,مباني آناليز عددي,1218133,1,
273,اصول طراحي نرم افزار وکارگاه,1380044,1,
273,طراحي و تحليل الگوريتمها,1218323,1,
273,مباني نظريه محاسبه,1218293,1,
273,نرم,1316283,1,
273,هوش مصنوعي,1255033,1,
274,کامپايلر,1218353,1,
274,اصول طراحي نرم افزار وکارگاه,1380044,1,
274,طراحي و تحليل الگوريتمها,1218323,1,
274,مباني آناليز رياضي,1218123,1,
274,مباني منطق و نظريه مجموعه,1218243,2,
275,ساختمان داده,1218304,1,
275,مباني ماتريسها و جبر خطي,1218103,1,
275,مباني نظريه محاسبه,1218293,1,
276,کامپايلر,1218353,1,
276,اصول طراحي نرم افزار وکارگاه,1380044,1,
276,بهينه,1218183,1,
276,جبر خطي عددي,1218193,1,
276,مباني کارآفريني,1236322,2,
276,مباني منطق و نظريه مجموعه,1218243,1,
277,برنامه سازي پيشرفته وکارگاه,1316234,2,
277,مباني ماتريسها و جبر خطي,1218103,1,
277,مباني نظريه محاسبه,1218293,1,
278,کامپايلر,1218353,1,
278,اصول طراحي نرم افزار وکارگاه,1380044,1,
278,جبر خطي عددي,1218193,1,
278,شبيه,1128413,1,
278,مباني کارآفريني,1236322,2,
278,مباني منطق و نظريه مجموعه,1218243,1,
279,اصول حسابداري و هزينه,1126743,1,
279,بهينه,1218183,1,
279,جبر خطي عددي,1218193,1,
279,مباني آناليز عددي,1218133,2,
279,مباني احتمال,1319153,1,
279,مباني ترکيبيات,1218163,1,
280,کامپايلر,1218353,1,
280,اصول سيستمهاي کامپيوتري,1218374,1,
280,اصول طراحي نرم افزار وکارگاه,1380044,1,
280,مباني ماتريسها و جبر خطي,1218103,1,
281,کامپايلر,1218353,1,
281,اصول سيستمهاي کامپيوتري,1218374,1,
281,مباني آناليز عددي,1218133,2,
281,نظريه گراف,1129043,1,
281,نظريه محاسبه,1218313,1,
282,کامپايلر,1218353,1,
282,شبيه,1128413,1,
282,مباني آناليز عددي,1218133,2,
282,نظريه گراف,1129043,1,
282,نظريه محاسبه,1218313,1,
283,کامپايلر,1218353,1,
283,اصول طراحي نرم افزار وکارگاه,1380044,1,
283,مباني کارآفريني,1236322,1,
283,مباني آناليز عددي,1218133,1,
283,مباني احتمال,1319153,1,
283,مباني ماتريسها و جبر خطي,1218103,1,
284,کامپايلر,1218353,1,
284,بهينه,1218183,1,
284,جبر خطي عددي,1218193,1,
284,زبان تخصصي,1218603,1,
284,شبيه,1128413,1,
284,طراحي و تحليل الگوريتمها,1218323,1,
285,کامپايلر,1218353,1,
285,اصول سيستمهاي کامپيوتري,1218374,1,
285,زبان تخصصي,1218603,1,
285,شبيه,1128413,1,
285,مباني کارآفريني,1236322,2,
285,مباني آناليز رياضي,1218123,1,
286,اصول طراحي نرم افزار وکارگاه,1380044,1,
286,بهينه,1218183,1,
286,جبر خطي عددي,1218193,1,
286,مباني کارآفريني,1236322,1,
286,مباني منطق و نظريه مجموعه,1218243,2,
286,مباني نظريه محاسبه,1218293,1,
287,کامپايلر,1218353,1,
287,بهينه,1218183,1,
287,روش تحقيق و گزارش,1218272,1,
287,زبان تخصصي,1218603,1,
287,مباني منطق و نظريه مجموعه,1218243,2,
288,کامپايلر,1218353,1,
288,بهينه,1218183,1,
288,جبر خطي عددي,1218193,1,
288,طراحي و تحليل الگوريتمها,1218323,1,
288,نظريه محاسبه,1218313,1,
289,اصول سيستمهاي کامپيوتري,1218374,1,
289,زبان تخصصي,1218603,1,
289,مباني کارآفريني,1236322,2,
289,مباني ماتريسها و جبر خطي,1218103,1,
289,مباني منطق و نظريه مجموعه,1218243,1,
290,کامپايلر,1218353,1,
290,زبان تخصصي,1218603,1,
290,طراحي و تحليل الگوريتمها,1218323,1,
290,مباني ماتريسها و جبر خطي,1218103,1,
290,نظريه گراف,1129043,1,
291,کامپايلر,1218353,1,
291,شبيه,1128413,1,
291,طراحي و تحليل الگوريتمها,1218323,1,
291,نظريه گراف,1129043,1,
291,نظريه محاسبه,1218313,1,
292,بهينه,1254083,1,
292,جبر خطي عددي,1218193,1,
292,زبان تخصصي,1218603,1,
292,شبيه,1128413,1,
292,طراحي و تحليل الگوريتمها,1218323,1,
292,نظريه محاسبه,1218313,1,
292,هوش مصنوعي,1255033,1,
293,کامپايلر,1218353,1,
293,جبر خطي عددي,1218193,1,
293,روش تحقيق و گزارش,1218272,1,
293,شبيه,1128413,1,
293,مباني آناليز عددي,1218133,1,
293,نرم,1316283,1,
294,کامپايلر,1218353,1,
294,اصول طراحي نرم افزار وکارگاه,1380044,1,
294,جبر خطي عددي,1218193,1,
294,شبيه,1128413,1,
294,طراحي و تحليل الگوريتمها,1218323,1,
294,مباني منطق و نظريه مجموعه,1218243,2,
295,اصول سيستمهاي کامپيوتري,1218374,1,
295,اصول طراحي نرم افزار وکارگاه,1380044,1,
295,روش تحقيق و گزارش,1218272,1,
295,فلسفه علم,1218563,1,
295,مباني ماتريسها و جبر خطي,1218103,1,
296,کامپايلر,1218353,1,
296,اصول طراحي نرم افزار وکارگاه,1380044,1,
296,اصول مديريت,1126713,1,
296,جبر خطي عددي,1218193,1,
296,روش تحقيق و گزارش,1218272,1,
296,شبيه,1128413,1,
296,طراحي هندسي کامپيوتري,1218383,1,
297,کامپايلر,1218353,1,
297,بهينه,1218183,1,
297,مباحثي در رياضيات و کاربردها,1218463,1,
297,مباني آناليز عددي,1218133,2,
297,مباني منطق و نظريه مجموعه,1218243,2,
298,کامپايلر,1218353,1,
298,اصول طراحي نرم افزار وکارگاه,1380044,1,
298,جبر خطي عددي,1218193,1,
298,روش تحقيق و گزارش,1218272,1,
298,شبيه,1128413,1,
299,کامپايلر,1218353,1,
299,اصول سيستمهاي کامپيوتري,1218374,1,
299,اصول مديريت,1126713,1,
299,روش تحقيق و گزارش,1218272,1,
299,مباني آناليز عددي,1218133,1,
299,مباني ماتريسها و جبر خطي,1218103,1,
300,کامپايلر,1218353,1,
300,اصول سيستمهاي کامپيوتري,1218374,1,
300,مباني آناليز عددي,1218133,1,
300,مباني جبر,1218173,1,
300,هوش مصنوعي,1255033,1,
301,کامپايلر,1218353,1,
301,احتمال 1,1218203,1,
301,اصول سيستمهاي کامپيوتري,1218374,1,
301,طراحي و تحليل الگوريتمها,1218323,1,
301,هوش مصنوعي,1255033,2,
302,زبان تخصصي,1218603,1,
302,طراحي و تحليل الگوريتمها,1218323,1,
302,مباني ترکيبيات,1218163,1,
302,مباني نظريه محاسبه,1218293,1,
303,ساختمان داده,1218304,1,
303,مباني احتمال,1319153,1,
303,مباني ماتريسها و جبر خطي,1218103,1,
303,مباني نظريه محاسبه,1218293,1,
304,اصول طراحي نرم افزار وکارگاه,1380044,1,
304,بهينه,1218183,1,
304,جبر خطي عددي,1218193,1,
304,روش تحقيق و گزارش,1218272,1,
304,نظريه گراف,1129043,1,
304,نظريه محاسبه,1218313,1,
305,کارگاه کامپيوتر 1,1218281,1,
305,کامپايلر,1218353,1,
305,برنامه سازي پيشرفته وکارگاه,1316234,2,
305,بهينه,1218183,1,
305,مباني ماتريسها و جبر خطي,1218103,1,
305,نظريه محاسبه,1218313,1,
306,اصول حسابداري و هزينه,1126743,1,
306,اصول سيستمهاي کامپيوتري,1218374,1,
306,بهينه,1218183,1,
306,طراحي و تحليل الگوريتمها,1218323,1,
306,نظريه محاسبه,1218313,1,
307,کامپايلر,1218353,1,
307,اصول سيستمهاي کامپيوتري,1218374,1,
307,جبر خطي عددي,1218193,1,
307,نظريه محاسبه,1218313,1,
307,هوش مصنوعي,1255033,1,
308,کامپايلر,1218353,1,
308,اصول طراحي نرم افزار وکارگاه,1380044,1,
308,جبر خطي عددي,1218193,1,
308,روش تحقيق و گزارش,1218272,1,
308,شبيه,1128413,1,
308,مباني آناليز عددي,1218133,1,
309,کامپايلر,1218353,1,
309,جبر خطي عددي,1218193,1,
309,زبان تخصصي,1218603,1,
309,طراحي هندسي کامپيوتري,1218383,1,
309,طراحي و تحليل الگوريتمها,1218323,1,
309,نظريه محاسبه,1218313,1,
309,هوش مصنوعي,1255033,1,
310,کامپايلر,1218353,1,
310,اصول طراحي نرم افزار وکارگاه,1380044,1,
310,جبر خطي عددي,1218193,1,
310,طراحي و تحليل الگوريتمها,1218323,1,
310,نظريه محاسبه,1218313,1,
310,هوش مصنوعي,1255033,1,
311,جبر خطي عددي,1218193,1,
311,زبان تخصصي,1218603,1,
311,مباني آناليز عددي,1218133,1,
311,هوش مصنوعي,1255033,1,
312,کامپايلر,1218353,1,
312,بهينه,1218183,1,
312,جبر خطي عددي,1218193,1,
312,روش تحقيق و گزارش,1218272,1,
312,زبان تخصصي,1218603,1,
312,نظريه محاسبه,1218313,1,
313,کامپايلر,1218353,1,
313,اصول طراحي نرم افزار وکارگاه,1380044,1,
313,جبر خطي عددي,1218193,1,
313,شبيه,1128413,1,
313,طراحي و تحليل الگوريتمها,1218323,1,
313,مباني منطق و نظريه مجموعه,1218243,2,
314,کارگاه کامپيوتر 1,1218281,3,
314,مباني کامپيوتر و برنامه,1236313,1,
315,آناليز رياضي,1218153,1,
315,مباني جبر,1218173,1,
315,مباني ماتريسها و جبر خطي,1218103,2,
315,معادلات ديفرانسيل با مشتقات جزئي,1218223,1,
316,اصول سيستمهاي کامپيوتري,1218374,1,
316,بهينه,1254083,1,
316,جبر خطي عددي,1218193,1,
316,طراحي و تحليل الگوريتمها,1218323,1,
316,مباني آناليز عددي,1218133,1,
316,مباني جبر,1218173,1,
316,هوش مصنوعي,1255033,2,
317,آناليز رياضي,1218153,1,
317,توپولوژي عمومي,1218233,1,
317,توابع مختلط,1218263,1,
317,جبر,1218433,1,
317,ساختمان داده,1218304,1,
317,مباني آناليز عددي,1218133,1,
317,مباني سيستمهاي ديناميکي,1218583,1,
318,بهينه,1218183,1,
318,توپولوژي عمومي,1218233,1,
318,جبر خطي عددي,1218193,1,
318,مباني جبر,1218173,1,
318,مباني ماتريسها و جبر خطي,1218103,1,
318,معادلات ديفرانسيل با مشتقات جزئي,1218223,1,
318,نظريه محاسبه,1218313,1,
319,بهينه,1218183,1,
319,مباني جبر,1218173,1,
319,مباني ماتريسها و جبر خطي,1218103,1,
320,بهينه,1218343,1,
320,ساختمان داده,1218304,1,
320,مباني آناليز رياضي,1218123,1,
320,مباني جبر,1218173,1,
320,مباني ماتريسها و جبر خطي,1218103,1,
321,آناليز رياضي,1218153,1,
321,بهينه,1218183,1,
321,زبان تخصصي,1218603,1,
321,مباني آناليز عددي,1218133,1,
321,معادلات ديفرانسيل با مشتقات جزئي,1218223,1,
322,برنامه سازي پيشرفته وکارگاه,1316234,1,
322,زبان تخصصي,1218603,1,
322,مباني آناليز عددي,1218133,1,
322,مباني ماتريسها و جبر خطي,1218103,1,
322,نرم,1316283,1,
323,مباحثي در رياضيات و کاربردها,1218463,1,
323,مباني آناليز رياضي,1218123,1,
323,مباني جبر,1218173,1,
323,مباني ماتريسها و جبر خطي,1218103,2,
324,آناليز رياضي,1218153,1,
324,بهينه,1218183,1,
324,توابع مختلط,1218263,1,
324,روش تحقيق و گزارش,1218272,1,
324,معادلات ديفرانسيل با مشتقات جزئي,1218223,1,
324,نظريه گراف,1129043,1,
325,آموزش رياضيات,1218553,1,
325,آناليز رياضي,1218153,1,
325,روش تحقيق و گزارش,1218272,1,
325,ساختمان داده,1218304,1,
325,مباحثي در رياضيات و کاربردها,1218463,1,
325,معادلات ديفرانسيل با مشتقات جزئي,1218223,1,
326,آموزش رياضيات,1218553,1,
326,آناليز رياضي,1218153,1,
326,مباني کامپيوتر و برنامه,1236313,3,
326,مباني آناليز عددي,1218133,1,
326,مباني احتمال,1319153,1,
326,نظريه گراف,1129043,1,
327,توابع مختلط,1218263,1,
327,جبر خطي عددي,1218193,1,
327,روش تحقيق و گزارش,1218272,1,
327,مباني آناليز عددي,1218133,1,
327,معادلات ديفرانسيل با مشتقات جزئي,1218223,1,
327,نظريه مقدماتي اعداد,1218253,1,
328,کارگاه کامپيوتر 1,1218281,2,
328,بهينه,1218183,1,
328,زبان تخصصي,1218603,1,
328,مباني کارآفريني,1236322,2,
328,مباني آناليز رياضي,1218123,1,
328,مباني آناليز عددي,1218133,1,
328,نظريه گراف,1129043,1,
329,بهينه,1218183,1,
329,توابع مختلط,1218263,1,
329,جبر خطي عددي,1218193,1,
329,روش تحقيق و گزارش,1218272,1,
329,مباني منطق و نظريه مجموعه,1218243,2,
329,نظريه مقدماتي اعداد,1218253,1,
330,مباني آناليز رياضي,1218123,1,
330,مباني آناليز عددي,1218133,1,
330,مباني جبر,1218173,1,
330,نرم,1316283,1,
330,نظريه گراف,1129043,1,
331,آناليز رياضي,1218153,1,
331,توپولوژي عمومي,1218233,1,
331,مباني سيستمهاي ديناميکي,1218583,1,
331,معادلات ديفرانسيل با مشتقات جزئي,1218223,1,
331,هوش مصنوعي,1255033,2,
332,آناليز رياضي,1218153,1,
332,برنامه سازي پيشرفته وکارگاه,1316234,2,
332,بهينه,1218343,1,
332,نظريه گراف,1129043,1,
333,احتمال 1,1218203,1,
333,برنامه سازي پيشرفته وکارگاه,1316234,1,
333,مباني آناليز رياضي,1218123,1,
333,مباني آناليز عددي,1218133,1,
334,اصول سيستمهاي کامپيوتري,1218374,1,
334,ساختمان داده,1218304,1,
334,مباني آناليز عددي,1218133,1,
334,مباني ترکيبيات,1218163,1,
334,مباني ماتريسها و جبر خطي,1218103,1,
335,آناليز رياضي,1218153,1,
335,بهينه,1218183,1,
335,ساختمان داده,1218304,1,
335,معادلات ديفرانسيل با مشتقات جزئي,1218223,1,
335,نرم,1316283,1,
336,آناليز رياضي,1218153,1,
336,توابع مختلط,1218263,1,
336,روش تحقيق و گزارش,1218272,1,
336,ساختمان داده,1218304,1,
336,مباني آناليز عددي,1218133,1,
336,نرم,1316283,1,
337,مباني کارآفريني,1236322,1,
337,مباني آناليز رياضي,1218123,1,
337,مباني جبر,1218173,1,
338,ساختمان داده,1218304,1,
338,مباني آناليز رياضي,1218123,1,
338,مباني ترکيبيات,1218163,1,
338,مباني ماتريسها و جبر خطي,1218103,2,
339,آناليز رياضي,1218153,1,
339,توپولوژي عمومي,1218233,1,
339,روش تحقيق و گزارش,1218272,1,
339,ساختمان داده,1218304,2,
339,مباني جبر,1218173,1,
340,آموزش رياضيات,1218553,1,
340,برنامه سازي پيشرفته وکارگاه,1316234,1,
340,زبان تخصصي,1218603,1,
340,مباني جبر,1218173,1,
340,مباني ماتريسها و جبر خطي,1218103,1,
340,نرم,1316283,1,
341,احتمال 1,1218203,1,
341,ساختمان داده,1218304,1,
341,مباني آناليز رياضي,1218123,1,
341,مباني ماتريسها و جبر خطي,1218103,2,
342,مباني کامپيوتر و برنامه,1236313,2,
342,مباني آناليز رياضي,1218123,1,
342,مباني ترکيبيات,1218163,1,
342,مباني جبر,1218173,1,
342,مباني ماتريسها و جبر خطي,1218103,2,
343,مباني آناليز عددي,1218133,1,
343,مباني جبر,1218173,1,
343,معادلات ديفرانسيل با مشتقات جزئي,1218223,1,
343,نظريه مقدماتي اعداد,1218253,1,
344,آناليز رياضي,1218153,1,
344,جبر خطي عددي,1218193,1,
344,ساختمان داده,1218304,1,
344,مباني آناليز عددي,1218133,1,
344,مباني جبر,1218173,1,
344,مباني سيستمهاي ديناميکي,1218583,1,
345,آناليز رياضي,1218153,1,
345,بهينه,1218183,1,
345,توپولوژي عمومي,1218233,1,
345,توابع مختلط,1218263,1,
345,مباني کامپيوتر و برنامه,1236313,1,
345,معادلات ديفرانسيل با مشتقات جزئي,1218223,1,
346,روش تحقيق و گزارش,1218272,1,
346,زبان تخصصي,1218603,1,
346,مباني جبر,1218173,1,
346,مباني سيستمهاي ديناميکي,1218583,1,
346,معادلات ديفرانسيل با مشتقات جزئي,1218223,1,
346,نظريه مقدماتي اعداد,1218253,1,
347,آناليز رياضي,1218153,1,
347,آناليز عددي,1218473,1,
347,بهينه,1218183,1,
347,توابع مختلط,1218263,1,
347,مباني کارآفريني,1236322,1,
347,معادلات ديفرانسيل با مشتقات جزئي,1218223,1,
347,نظريه گراف,1129043,1,
348,احتمال 1,1218203,1,
348,روش تحقيق و گزارش,1218272,1,
348,معادلات ديفرانسيل با مشتقات جزئي,1218223,1,
349,آناليز رياضي,1218153,1,
349,احتمال 1,1218203,1,
349,برنامه سازي پيشرفته وکارگاه,1316234,1,
349,روش تحقيق و گزارش,1218272,1,
349,مباحثي در رياضيات و کاربردها,1218463,1,
349,مباني ترکيبيات,1218163,1,
350,آناليز رياضي,1218153,1,
350,اصول سيستمهاي کامپيوتري,1218374,1,
350,توابع مختلط,1218263,1,
350,جبر خطي عددي,1218193,1,
350,معادلات ديفرانسيل با مشتقات جزئي,1218223,1,
351,اصول سيستمهاي کامپيوتري,1218374,1,
351,بهينه,1254083,1,
351,جبر خطي عددي,1218193,1,
351,شبيه,1128413,1,
351,طراحي و تحليل الگوريتمها,1218323,1,
351,هوش مصنوعي,1255033,2,
352,احتمال 1,1218203,1,
352,اصول طراحي نرم افزار وکارگاه,1380044,1,
352,طراحي و تحليل الگوريتمها,1218323,1,
352,مباني آناليز رياضي,1218123,1,
352,مباني ماتريسها و جبر خطي,1218103,1,
352,مباني منطق و نظريه مجموعه,1218243,2,
353,مباني احتمال,1319153,1,
353,مباني منطق و نظريه مجموعه,1218243,1,
353,نظريه مقدماتي اعداد,1218253,1,
354,احتمال 1,1218203,1,
354,برنامه سازي پيشرفته وکارگاه,1316234,1,
354,مباني آناليز رياضي,1218123,1,
354,مباني ماتريسها و جبر خطي,1218103,1,
354,نظريه گراف,1129043,1,
355,آناليز رياضي,1218153,1,
355,احتمال 1,1218203,1,
355,برنامه سازي پيشرفته وکارگاه,1316234,1,
355,روش تحقيق و گزارش,1218272,1,
355,معادلات ديفرانسيل با مشتقات جزئي,1218223,1,
355,نظريه گراف,1129043,1,
356,توپولوژي عمومي,1218233,1,
356,جبر,1218433,1,
356,جبر خطي عددي,1218193,1,
356,روش تحقيق و گزارش,1218272,1,
356,نظريه مقدماتي اعداد,1218253,1,
357,بهينه,1218183,1,
357,توپولوژي عمومي,1218233,1,
357,ساختمان داده,1218304,2,
357,مباني جبر,1218173,1,
357,معادلات ديفرانسيل با مشتقات جزئي,1218223,1,
358,توپولوژي عمومي,1218233,1,
358,روش تحقيق و گزارش,1218272,1,
358,مباحثي در رياضيات و کاربردها,1218463,1,
358,مباني جبر,1218173,1,
358,معادلات ديفرانسيل با مشتقات جزئي,1218223,1,
359,آناليز رياضي,1218153,1,
359,اصول مديريت,1126713,1,
359,ساختمان داده,1218304,1,
359,مباني آناليز عددي,1218133,1,
359,معادلات ديفرانسيل با مشتقات جزئي,1218223,1,
360,اصول سيستمهاي کامپيوتري,1218374,1,
360,بهينه,1218183,1,
360,روش تحقيق و گزارش,1218272,1,
360,ساختمان داده,1218304,1,
361,اصول سيستمهاي کامپيوتري,1218374,1,
361,بهينه,1254083,1,
361,روش تحقيق و گزارش,1218272,1,
361,شبيه,1128413,1,
361,نرم,1316283,1,
362,آناليز رياضي,1218153,1,
362,توابع مختلط,1218263,1,
362,مباني کارآفريني,1236322,1,
362,مباني آناليز عددي,1218133,1,
362,نظريه گراف,1129043,1,
363,اصول طراحي نرم افزار وکارگاه,1380044,1,
363,جبر خطي عددي,1218193,1,
363,شبيه,1128413,1,
363,طراحي و تحليل الگوريتمها,1218323,1,
363,مباني منطق و نظريه مجموعه,1218243,2,
364,توابع مختلط,1218263,1,
364,جبر,1218433,1,
364,ساختمان داده,1218304,1,
364,فلسفه علم,1218563,1,
364,مباني آناليز عددي,1218133,1,
364,نظريه مقدماتي اعداد,1218253,1,
365,بهينه,1218183,1,
365,روش تحقيق و گزارش,1218272,1,
365,شبيه,1128413,1,
365,طراحي هندسي کامپيوتري,1218383,1,
365,مباني کارآفريني,1236322,2,
365,مباني آناليز رياضي,1218123,1,
365,نظريه مقدماتي اعداد,1218253,1,
366,روش تحقيق و گزارش,1218272,1,
366,مباني آناليز عددي,1218133,1,
366,مباني احتمال,1319153,1,
366,مباني علوم رياضي,1236303,1,
367,آناليز رياضي,1218153,1,
367,جبر خطي عددي,1218193,1,
367,روش تحقيق و گزارش,1218272,1,
367,مباني آناليز عددي,1218133,1,
367,مباني جبر,1218173,1,
368,آناليز رياضي,1218153,1,
368,آناليز عددي,1218473,1,
368,مباحثي در رياضيات و کاربردها,1218463,1,
368,معادلات ديفرانسيل با مشتقات جزئي,1218223,1,
369,بهينه,1254083,1,
369,شبيه,1128413,1,
369,طراحي و تحليل الگوريتمها,1218323,1,
369,نرم,1316283,1,
369,هوش مصنوعي,1255033,1,
370,بهينه,1218343,1,
370,توپولوژي عمومي,1218233,1,
370,روش تحقيق و گزارش,1218272,1,
370,مباني کارآفريني,1236322,2,
370,نظريه مقدماتي اعداد,1218253,1,
370,هوش مصنوعي,1255033,1,
371,کامپايلر,1218353,1,
371,جبر خطي عددي,1218193,1,
371,زبان تخصصي,1218603,1,
371,شبيه,1128413,1,
371,طراحي هندسي کامپيوتري,1218383,1,
371,مباني کارآفريني,1236322,1,
371,هوش مصنوعي,1255033,1,
372,کامپايلر,1218353,1,
372,جبر خطي عددي,1218193,1,
372,زبان تخصصي,1218603,1,
372,شبيه,1128413,1,
372,طراحي هندسي کامپيوتري,1218383,1,
372,مباني کارآفريني,1236322,1,
372,مباني منطق و نظريه مجموعه,1218243,2,
373,کامپايلر,1218353,1,
373,طراحي و تحليل الگوريتمها,1218323,1,
373,مباني جبر,1218173,1,
373,مباني ماتريسها و جبر خطي,1218103,2,
373,نظريه محاسبه,1218313,1,
374,بهينه,1218343,1,
374,فلسفه علم,1218563,1,
374,مباني سيستمهاي ديناميکي,1218583,1,
375,اصول سيستمهاي کامپيوتري,1218374,1,
375,روش تحقيق و گزارش,1218272,1,
375,زبان تخصصي,1218603,1,
375,شبيه,1128413,1,
375,مباني ماتريسها و جبر خطي,1218103,1,
375,مباني منطق و نظريه مجموعه,1218243,2,
376,کامپايلر,1218353,1,
376,اصول سيستمهاي کامپيوتري,1218374,1,
376,شبيه,1128413,1,
376,نظريه محاسبه,1218313,1,
376,هوش مصنوعي,1255033,1,
377,اصول سيستمهاي کامپيوتري,1218374,1,
378,کامپايلر,1218353,1,
378,شبيه,1128413,1,
378,طراحي و تحليل الگوريتمها,1218323,1,
378,نرم,1316283,1,
379,طراحي هندسي کامپيوتري,1218383,1,
379,نظريه محاسبه,1218313,1,
380,طراحي و تحليل الگوريتمها,1218323,1,
381,بهينه,1218183,1,
382,آناليز عددي,1218473,1,
382,زبان تخصصي,1218603,1,
382,طراحي و تحليل الگوريتمها,1218323,1,
382,فلسفه علم,1218563,1,
382,مباني جبر,1218173,1,
382,مباني نظريه محاسبه,1218293,1,
383,آناليز عددي,1218473,1,
383,زبان تخصصي,1218603,1,
383,طراحي و تحليل الگوريتمها,1218323,1,
383,نظريه محاسبه,1218313,1,
384,طراحي هندسي کامپيوتري,1218383,1,
384,فلسفه علم,1218563,1,
384,نرم,1316283,1,
384,نظريه محاسبه,1218313,1,
384,هوش مصنوعي,1255033,1,
385,کامپايلر,1218353,1,
385,بهينه,1218183,1,
385,مباني احتمال,1319153,1,
385,مباني منطق و نظريه مجموعه,1218243,2,
385,نظريه گراف,1129043,1,
386,کامپايلر,1218353,1,
386,بهينه,1254083,1,
386,جبر خطي عددي,1218193,1,
386,روش تحقيق و گزارش,1218272,1,
386,شبيه,1128413,1,
386,هوش مصنوعي,1255033,2,
387,اصول سيستمهاي کامپيوتري,1218374,1,
387,ساختمان داده,1218304,1,
387,طراحي و تحليل الگوريتمها,1218323,1,
387,مباني نظريه محاسبه,1218293,1,
388,کامپايلر,1218353,1,
388,بهينه,1218183,1,
388,جبر خطي عددي,1218193,1,
388,روش تحقيق و گزارش,1218272,1,
388,زبان تخصصي,1218603,1,
388,مباني احتمال,1319153,1,
388,نرم,1316283,1,
389,اصول سيستمهاي کامپيوتري,1218374,1,
389,طراحي هندسي کامپيوتري,1218383,1,
389,مباحثي در رياضيات و کاربردها,1218463,1,
389,مباني کارآفريني,1236322,1,
390,کامپايلر,1218353,1,
390,جبر خطي عددي,1218193,1,
390,طراحي هندسي کامپيوتري,1218383,1,
390,طراحي و تحليل الگوريتمها,1218323,1,
390,نظريه محاسبه,1218313,1,
390,نظريه مقدماتي اعداد,1218253,1,
391,کامپايلر,1218353,1,
391,جبر خطي عددي,1218193,1,
391,مباني آناليز عددي,1218133,2,
391,نظريه محاسبه,1218313,1,
391,هوش مصنوعي,1255033,1,
392,کامپايلر,1218353,1,
392,جبر خطي عددي,1218193,1,
392,روش تحقيق و گزارش,1218272,1,
392,زبان تخصصي,1218603,1,
392,شبيه,1128413,1,
392,مباني منطق و نظريه مجموعه,1218243,2,
393,کامپايلر,1218353,1,
393,جبر خطي عددي,1218193,1,
393,زبان تخصصي,1218603,1,
393,شبيه,1128413,1,
393,هوش مصنوعي,1255033,1,
394,کامپايلر,1218353,1,
394,آناليز عددي,1218473,1,
394,بهينه,1218183,1,
394,جبر خطي عددي,1218193,1,
394,شبيه,1128413,1,
394,طراحي هندسي کامپيوتري,1218383,1,
394,مباني کارآفريني,1236322,2,
394,مباني آناليز رياضي,1218123,1,
395,بهينه,1218183,1,
395,شبيه,1128413,1,
395,نظريه گراف,1129043,1,
395,هوش مصنوعي,1255033,1,
396,مباني آناليز عددي,1218133,2,
396,مباني ماتريسها و جبر خطي,1218103,1,
396,مباني منطق و نظريه مجموعه,1218243,1,
396,مباني نظريه محاسبه,1218293,1,
397,کامپايلر,1218353,1,
397,اصول سيستمهاي کامپيوتري,1218374,1,
397,زبان تخصصي,1218603,1,
397,طراحي و تحليل الگوريتمها,1218323,1,
397,فلسفه علم,1218563,1,
397,مباني آناليز عددي,1218133,1,
398,اصول سيستمهاي کامپيوتري,1218374,1,
398,جبر خطي عددي,1218193,1,
398,مباني منطق و نظريه مجموعه,1218243,2,
398,نظريه گراف,1129043,1,
399,بهينه,1254083,1,
399,زبان تخصصي,1218603,1,
399,شبيه,1128413,1,
399,نرم,1316283,1,
399,هوش مصنوعي,1255033,1,
400,بهينه,1218183,1,
400,جبر خطي عددي,1218193,1,
400,زبان تخصصي,1218603,1,
400,طراحي و تحليل الگوريتمها,1218323,1,
400,مباني منطق و نظريه مجموعه,1218243,2,
401,کامپايلر,1218353,1,
401,بهينه,1254083,1,
401,جبر خطي عددي,1218193,1,
401,نرم,1316283,1,
401,هوش مصنوعي,1255033,1,
402,کامپايلر,1218353,1,
402,جبر خطي عددي,1218193,1,
402,روش تحقيق و گزارش,1218272,1,
402,طراحي هندسي کامپيوتري,1218383,1,
402,مباني منطق و نظريه مجموعه,1218243,1,
402,نظريه محاسبه,1218313,1,
403,اصول حسابداري و هزينه,1126743,1,
403,اصول سيستمهاي کامپيوتري,1218374,1,
403,طراحي و تحليل الگوريتمها,1218323,1,
403,مباني آناليز عددي,1218133,1,
403,مباني ماتريسها و جبر خطي,1218103,2,
404,کامپايلر,1218353,1,
404,شبيه,1128413,1,
404,مباني ماتريسها و جبر خطي,1218103,1,
404,نرم,1316283,1,
404,نظريه گراف,1129043,1,
405,کامپايلر,1218353,1,
405,روش تحقيق و گزارش,1218272,1,
405,شبيه,1128413,1,
405,مباني منطق و نظريه مجموعه,1218243,2,
406,کامپايلر,1218353,1,
406,اصول مديريت,1126713,1,
406,جبر خطي عددي,1218193,1,
406,زبان تخصصي,1218603,1,
406,طراحي هندسي کامپيوتري,1218383,1,
407,کامپايلر,1218353,1,
407,اصول طراحي نرم افزار وکارگاه,1380044,1,
407,شبيه,1128413,1,
407,فلسفه علم,1218563,1,
407,مباني آناليز عددي,1218133,2,
407,نظريه گراف,1129043,1,
408,فلسفه علم,1218563,1,
408,مباني کارآفريني,1236322,1,
408,مباني کامپيوتر و برنامه,1236313,2,
409,شبيه,1128413,1,
409,طراحي هندسي کامپيوتري,1218383,1,
409,فلسفه علم,1218563,1,
409,نرم,1316283,1,
410,آناليز عددي,1218473,1,
410,بهينه,1218183,1,
410,شبيه,1128413,1,
410,طراحي هندسي کامپيوتري,1218383,1,
410,نرم,1316283,1,
411,کامپايلر,1218353,1,
411,جبر خطي عددي,1218193,1,
411,زبان تخصصي,1218603,1,
411,شبيه,1128413,1,
411,مباني کارآفريني,1236322,1,
411,نظريه گراف,1129043,1,
412,جبر خطي عددي,1218193,1,
412,زبان تخصصي,1218603,1,
412,شبيه,1128413,1,
412,طراحي و تحليل الگوريتمها,1218323,1,
412,هوش مصنوعي,1255033,1,
413,جبر خطي عددي,1218193,1,
413,طراحي و تحليل الگوريتمها,1218323,1,
413,مباني منطق و نظريه مجموعه,1218243,2,
413,مباني نظريه محاسبه,1218293,1,
414,کامپايلر,1218353,1,
414,مباحثي در رياضيات و کاربردها,1218463,1,
414,مباني منطق و نظريه مجموعه,1218243,2,
414,هوش مصنوعي,1255033,1,
415,شبيه,1128413,1,
415,فلسفه علم,1218563,1,
415,نظريه محاسبه,1218313,1,
416,بهينه,1254083,1,
416,هوش مصنوعي,1255033,2,
417,کامپايلر,1218353,1,
417,جبر خطي عددي,1218193,1,
417,طراحي هندسي کامپيوتري,1218383,1,
417,مباني منطق و نظريه مجموعه,1218243,2,
418,بهينه,1218183,1,
418,شبيه,1128413,1,
418,مباحثي در رياضيات و کاربردها,1218463,1,
418,مباني کارآفريني,1236322,1,
418,مباني منطق و نظريه مجموعه,1218243,2,
419,کامپايلر,1218353,1,
419,شبيه,1128413,1,
419,طراحي هندسي کامپيوتري,1218383,1,
419,مباني منطق و نظريه مجموعه,1218243,2,
420,زبان تخصصي,1218603,1,
420,شبيه,1128413,1,
420,فلسفه علم,1218563,1,
420,مباني کارآفريني,1236322,1,
421,کامپايلر,1218353,1,
421,فلسفه علم,1218563,1,
421,مباني منطق و نظريه مجموعه,1218243,2,
421,هوش مصنوعي,1255033,1,
422,بهينه,1254083,1,
422,زبان تخصصي,1218603,1,
422,طراحي و تحليل الگوريتمها,1218323,1,
422,مباني منطق و نظريه مجموعه,1218243,2,
422,نرم,1316283,1,
423,اصول طراحي نرم افزار وکارگاه,1380044,1,
423,بهينه,1218343,1,
423,جبر خطي عددي,1218193,1,
423,روش تحقيق و گزارش,1218272,1,
423,هوش مصنوعي,1255033,1,
424,کامپايلر,1218353,1,
424,شبيه,1128413,1,
424,طراحي هندسي کامپيوتري,1218383,1,
424,مباني منطق و نظريه مجموعه,1218243,2,
425,بهينه,1254083,1,
425,مباني منطق و نظريه مجموعه,1218243,2,
425,نرم,1316283,1,
426,آناليز عددي,1218473,1,
426,بهينه,1254083,1,
426,بهينه,1218343,1,
426,روش تحقيق و گزارش,1218272,1,
426,نظريه محاسبه,1218313,1,
426,هوش مصنوعي,1255033,2,
427,اصول طراحي نرم افزار وکارگاه,1380044,1,
427,بهينه,1218183,1,
427,طراحي هندسي کامپيوتري,1218383,1,
427,طراحي و تحليل الگوريتمها,1218323,1,
427,مباحثي در رياضيات و کاربردها,1218463,1,
427,نرم,1316283,1,
428,احتمال 1,1218203,1,
428,جبر خطي عددي,1218193,1,
428,طراحي هندسي کامپيوتري,1218383,1,
428,هوش مصنوعي,1255033,1,
429,کامپايلر,1218353,1,
429,جبر خطي عددي,1218193,1,
429,شبيه,1128413,1,
429,مباني کارآفريني,1236322,1,
429,مباني منطق و نظريه مجموعه,1218243,2,
429,نرم,1316283,1,
430,بهينه,1254083,1,
430,مباحثي در رياضيات و کاربردها,1218463,1,
430,مباني کارآفريني,1236322,2,
431,بهينه,1254083,1,
432,بهينه,1254083,1,
432,مباني منطق و نظريه مجموعه,1218243,2,
432,نرم,1316283,1,
433,کامپايلر,1218353,1,
433,بهينه,1254083,1,
433,روش تحقيق و گزارش,1218272,1,
433,شبيه,1128413,1,
434,کامپايلر,1218353,1,
434,شبيه,1128413,1,
434,مباحثي در رياضيات و کاربردها,1218463,1,
434,مباني آناليز عددي,1218133,2,
434,مباني منطق و نظريه مجموعه,1218243,2,
434,نظريه گراف,1129043,1,
435,بهينه,1218183,1,
435,طراحي هندسي کامپيوتري,1218383,1,
435,نرم,1316283,1,
435,نظريه محاسبه,1218313,1,
435,هوش مصنوعي,1255033,1,
436,جبر خطي عددي,1218193,1,
436,شبيه,1128413,1,
437,اصول سيستمهاي کامپيوتري,1218374,1,
437,طراحي و تحليل الگوريتمها,1218323,1,
437,مباني احتمال,1319153,1,
437,مباني نظريه محاسبه,1218293,1,
438,نرم,1316283,1,
439,مباني آناليز رياضي,1218123,1,
439,مباني ماتريسها و جبر خطي,1218103,1,
440,اصول حسابداري و هزينه,1126743,1,
440,جبر,1218433,1,
440,مباني سيستمهاي ديناميکي,1218583,1,
441,آناليز رياضي,1218153,1,
441,جبر,1218433,1,
441,جبر خطي عددي,1218193,1,
441,مباني سيستمهاي ديناميکي,1218583,1,
441,نظريه گراف,1129043,1,
442,توپولوژي عمومي,1218233,1,
442,جبر,1218433,1,
442,روش تحقيق و گزارش,1218272,1,
442,ساختمان داده,1218304,1,
442,مباني کارآفريني,1236322,2,
442,مباني سيستمهاي ديناميکي,1218583,1,
443,بهينه,1218183,1,
444,احتمال 1,1218203,1,
444,برنامه سازي پيشرفته وکارگاه,1316234,2,
444,بهينه,1218183,1,
444,جبر,1218433,1,
445,آموزش رياضيات,1218553,1,
445,بهينه,1254083,1,
445,توابع مختلط,1218263,1,
445,زبان تخصصي,1218603,1,
445,مباحثي در رياضيات و کاربردها,1218463,1,
445,مباني کارآفريني,1236322,2,
446,زبان تخصصي,1218603,1,
446,شبيه,1128413,1,
446,مباني سيستمهاي ديناميکي,1218583,1,
447,آموزش رياضيات,1218553,1,
447,آناليز رياضي,1218153,1,
447,برنامه سازي پيشرفته وکارگاه,1316234,1,
447,توابع مختلط,1218263,1,
447,مباني کارآفريني,1236322,2,
447,معادلات ديفرانسيل با مشتقات جزئي,1218223,1,
448,آناليز رياضي,1218153,1,
448,اصول سيستمهاي کامپيوتري,1218374,1,
448,بهينه,1218343,1,
448,شبيه,1128413,1,
448,طراحي و تحليل الگوريتمها,1218323,1,
448,مباني سيستمهاي ديناميکي,1218583,1,
448,هوش مصنوعي,1255033,1,
449,آناليز رياضي,1218153,1,
449,توپولوژي عمومي,1218233,1,
449,جبر خطي عددي,1218193,1,
449,مباني سيستمهاي ديناميکي,1218583,1,
449,نرم,1316283,1,
450,جبر خطي عددي,1218193,1,
450,مباني سيستمهاي ديناميکي,1218583,1,
451,جبر خطي عددي,1218193,1,
451,شبيه,1128413,1,
451,طراحي هندسي کامپيوتري,1218383,1,
451,نرم,1316283,1,
452,آناليز رياضي,1218153,1,
452,بهينه,1218183,1,
452,توپولوژي عمومي,1218233,1,
452,توابع مختلط,1218263,1,
452,روش تحقيق و گزارش,1218272,1,
452,مباني کارآفريني,1236322,2,
452,معادلات ديفرانسيل با مشتقات جزئي,1218223,1,
453,آناليز رياضي,1218153,1,
453,توابع مختلط,1218263,1,
453,مباحثي در رياضيات و کاربردها,1218463,1,
453,مباني کارآفريني,1236322,1,
453,مباني سيستمهاي ديناميکي,1218583,1,
453,نرم,1316283,1,
454,توپولوژي عمومي,1218233,1,
454,جبر خطي عددي,1218193,1,
454,طراحي و تحليل الگوريتمها,1218323,1,
454,مباني سيستمهاي ديناميکي,1218583,1,
455,آناليز رياضي,1218153,1,
455,بهينه,1218183,1,
455,توپولوژي عمومي,1218233,1,
455,توابع مختلط,1218263,1,
455,ساختمان داده,1218304,1,
455,معادلات ديفرانسيل با مشتقات جزئي,1218223,1,
456,احتمال 1,1218203,1,
456,برنامه سازي پيشرفته وکارگاه,1316234,1,
456,مباني سيستمهاي ديناميکي,1218583,1,
457,بهينه,1218183,1,
457,جبر,1218433,1,
457,شبيه,1128413,1,
458,جبر,1218433,1,
458,مباحثي در رياضيات و کاربردها,1218463,1,
458,مباني کارآفريني,1236322,1,
458,مباني سيستمهاي ديناميکي,1218583,1,
458,نرم,1316283,1,
459,احتمال 1,1218203,1,
459,جبر خطي عددي,1218193,1,
459,مباني منطق و نظريه مجموعه,1218243,2,
459,معادلات ديفرانسيل با مشتقات جزئي,1218223,1,
459,نظريه گراف,1129043,1,
460,بهينه,1218183,1,
460,توابع مختلط,1218263,1,
460,جبر خطي عددي,1218193,1,
460,معادلات ديفرانسيل با مشتقات جزئي,1218223,1,
461,بهينه,1218183,1,
461,فلسفه علم,1218563,1,
461,مباني آناليز رياضي,1218123,1,
461,مباني جبر,1218173,1,
462,آموزش رياضيات,1218553,1,
462,اصول حسابداري و هزينه,1126743,1,
462,مباني کارآفريني,1236322,1,
462,مباني آناليز عددي,1218133,1,
462,مباني احتمال,1319153,1,
462,مباني ترکيبيات,1218163,1,
462,مباني نظريه محاسبه,1218293,1,
463,آناليز رياضي,1218153,1,
463,توابع مختلط,1218263,1,
463,مباني سيستمهاي ديناميکي,1218583,1,
463,معادلات ديفرانسيل با مشتقات جزئي,1218223,1,
463,نرم,1316283,1,
464,آناليز رياضي,1218153,1,
464,اصول سيستمهاي کامپيوتري,1218374,1,
464,طراحي و تحليل الگوريتمها,1218323,1,
464,مباني سيستمهاي ديناميکي,1218583,1,
464,معادلات ديفرانسيل با مشتقات جزئي,1218223,1,
465,جبر خطي عددي,1218193,1,
465,زبان تخصصي,1218603,1,
465,شبيه,1128413,1,
465,مباني کارآفريني,1236322,1,
466,آناليز رياضي,1218153,1,
466,مباحثي در رياضيات و کاربردها,1218463,1,
466,مباني کارآفريني,1236322,1,
466,مباني سيستمهاي ديناميکي,1218583,1,
466,نرم,1316283,1,
467,آناليز رياضي,1218153,1,
467,بهينه,1218343,1,
467,مباحثي در رياضيات و کاربردها,1218463,1,
467,مباني جبر,1218173,1,
467,مباني سيستمهاي ديناميکي,1218583,1,
467,نظريه گراف,1129043,1,
468,بهينه,1254083,1,
468,شبيه,1128413,1,
468,نظريه محاسبه,1218313,1,
469,آناليز رياضي,1218153,1,
469,بهينه,1254083,1,
469,جبر,1218433,1,
469,مباحثي در رياضيات و کاربردها,1218463,1,
469,مباني سيستمهاي ديناميکي,1218583,1,
470,آناليز رياضي,1218153,1,
470,بهينه,1218343,1,
470,مباني جبر,1218173,1,
470,مباني سيستمهاي ديناميکي,1218583,1,
471,احتمال 1,1218203,1,
471,مباحثي در رياضيات و کاربردها,1218463,1,
471,نرم,1316283,1,
471,نظريه گراف,1129043,1,
472,آناليز عددي,1218473,1,
472,بهينه,1218183,1,
472,جبر خطي عددي,1218193,1,
472,روش تحقيق و گزارش,1218272,1,
472,مباني جبر,1218173,1,
472,نظريه گراف,1129043,1,
473,آناليز رياضي,1218153,1,
473,بهينه,1218343,1,
474,فلسفه علم,1218563,1,
474,مباني جبر,1218173,1,
474,مباني منطق و نظريه مجموعه,1218243,2,
474,نظريه گراف,1129043,1,
474,هوش مصنوعي,1255033,1,
475,شبيه,1128413,1,
475,مباحثي در رياضيات و کاربردها,1218463,1,
475,مباني کارآفريني,1236322,1,
475,نرم,1316283,1,
475,نظريه مقدماتي اعداد,1218253,1,
476,توپولوژي عمومي,1218233,1,
476,توابع مختلط,1218263,1,
476,جبر خطي عددي,1218193,1,
476,مباني سيستمهاي ديناميکي,1218583,1,
476,مباني منطق و نظريه مجموعه,1218243,2,
476,هوش مصنوعي,1255033,2,
477,آناليز رياضي,1218153,1,
477,اصول سيستمهاي کامپيوتري,1218374,1,
477,بهينه,1218343,1,
477,شبيه,1128413,1,
477,هوش مصنوعي,1255033,1,
478,آناليز رياضي,1218153,1,
478,برنامه سازي پيشرفته وکارگاه,1316234,1,
478,توپولوژي عمومي,1218233,1,
478,مباني سيستمهاي ديناميکي,1218583,1,
478,معادلات ديفرانسيل با مشتقات جزئي,1218223,1,
479,آناليز رياضي,1218153,1,
479,آناليز عددي,1218473,1,
479,توپولوژي عمومي,1218233,1,
479,زبان تخصصي,1218603,1,
479,مباني کارآفريني,1236322,1,
479,نرم,1316283,1,
480,آموزش رياضيات,1218553,1,
480,توپولوژي عمومي,1218233,1,
480,جبر خطي عددي,1218193,1,
480,مباني جبر,1218173,1,
480,مباني منطق و نظريه مجموعه,1218243,1,
480,نظريه مقدماتي اعداد,1218253,1,
481,جبر,1218433,1,
481,مباني سيستمهاي ديناميکي,1218583,1,
482,احتمال 1,1218203,1,
482,برنامه سازي پيشرفته وکارگاه,1316234,2,
482,بهينه,1218183,1,
482,توپولوژي عمومي,1218233,1,
482,مباني ماتريسها و جبر خطي,1218103,1,
483,احتمال 1,1218203,1,
483,برنامه سازي پيشرفته وکارگاه,1316234,1,
483,جبر,1218433,1,
483,جبر خطي عددي,1218193,1,
483,مباني سيستمهاي ديناميکي,1218583,1,
484,آناليز رياضي,1218153,1,
484,احتمال 1,1218203,1,
484,توپولوژي عمومي,1218233,1,
484,روش تحقيق و گزارش,1218272,1,
484,مباني سيستمهاي ديناميکي,1218583,1,
484,معادلات ديفرانسيل با مشتقات جزئي,1218223,1,
485,روش تحقيق و گزارش,1218272,1,
485,مباني آناليز عددي,1218133,1,
485,مباني جبر,1218173,1,
485,مباني ماتريسها و جبر خطي,1218103,2,
485,هوش مصنوعي,1255033,2,
486,آناليز رياضي,1218153,1,
486,احتمال 1,1218203,1,
486,بهينه,1218183,1,
486,توپولوژي عمومي,1218233,1,
486,روش تحقيق و گزارش,1218272,1,
486,معادلات ديفرانسيل با مشتقات جزئي,1218223,1,
487,معادلات ديفرانسيل با مشتقات جزئي,1218223,1,
488,کارگاه کامپيوتر 1,1218281,1,
488,اصول سيستمهاي کامپيوتري,1218374,1,
488,جبر خطي عددي,1218193,1,
488,شبيه,1128413,1,
488,طراحي و تحليل الگوريتمها,1218323,1,
488,مباني ترکيبيات,1218163,1,
488,مباني ماتريسها و جبر خطي,1218103,1,
489,کارگاه کامپيوتر 1,1218281,4,
489,اصول حسابداري و هزينه,1126743,1,
489,بهينه,1254083,1,
489,نظريه محاسبه,1218313,1,
490,اصول سيستمهاي کامپيوتري,1218374,1,
490,شبيه,1128413,1,
490,نرم,1316283,1,
490,نظريه گراف,1129043,1,
491,اصول مديريت,1126713,1,
491,بهينه,1254083,1,
491,جبر خطي عددي,1218193,1,
492,طراحي و تحليل الگوريتمها,1218323,1,
492,هوش مصنوعي,1255033,1,
493,نظريه محاسبه,1218313,1,
494,اصول حسابداري و هزينه,1126743,1,
494,اصول مديريت,1126713,1,
495,جبر خطي عددي,1218193,1,
495,شبيه,1128413,1,
495,طراحي هندسي کامپيوتري,1218383,1,
495,طراحي و تحليل الگوريتمها,1218323,1,
495,مباني آناليز عددي,1218133,1,
495,هوش مصنوعي,1255033,1,
496,مباني آناليز عددي,1218133,1,
496,مباني منطق و نظريه مجموعه,1218243,1,
497,روش تحقيق و گزارش,1218272,1,
497,طراحي هندسي کامپيوتري,1218383,1,
497,مباحثي در رياضيات و کاربردها,1218463,1,
497,مباني آناليز رياضي,1218123,1,
497,مباني احتمال,1319153,1,
497,مباني منطق و نظريه مجموعه,1218243,2,
498,اصول طراحي نرم افزار وکارگاه,1380044,1,
498,اصول مديريت,1126713,1,
499,اصول طراحي نرم افزار وکارگاه,1380044,1,
499,اصول مديريت,1126713,1,
500,جبر خطي عددي,1218193,1,
500,مباني منطق و نظريه مجموعه,1218243,2,
501,مباحثي در رياضيات و کاربردها,1218463,1,
501,مباني آناليز عددي,1218133,1,
501,مباني منطق و نظريه مجموعه,1218243,1,
501,نرم,1316283,1,
502,زبان تخصصي,1218603,1,
502,مباحثي در رياضيات و کاربردها,1218463,1,
502,مباني منطق و نظريه مجموعه,1218243,2,
502,نرم,1316283,1,
502,هوش مصنوعي,1255033,1,
503,اصول مديريت,1126713,1,
503,طراحي و تحليل الگوريتمها,1218323,1,
503,مباحثي در رياضيات و کاربردها,1218463,1,
503,مباني منطق و نظريه مجموعه,1218243,1,
504,آموزش رياضيات,1218553,1,
504,زبان تخصصي,1218603,1,
504,مباحثي در رياضيات و کاربردها,1218463,1,
504,مباني منطق و نظريه مجموعه,1218243,2,
504,هوش مصنوعي,1255033,1,
505,کامپايلر,1218353,1,
505,اصول سيستمهاي کامپيوتري,1218374,1,
505,روش تحقيق و گزارش,1218272,1,
505,مباني احتمال,1319153,1,
505,هوش مصنوعي,1255033,1,
506,اصول حسابداري و هزينه,1126743,1,
506,اصول مديريت,1126713,1,
506,شبيه,1128413,1,
506,مباحثي در رياضيات و کاربردها,1218463,1,
506,نظريه گراف,1129043,1,
507,اصول طراحي نرم افزار وکارگاه,1380044,1,
507,اصول مديريت,1126713,1,
507,شبيه,1128413,1,
507,مباني آناليز عددي,1218133,1,
507,مباني منطق و نظريه مجموعه,1218243,1,
507,نرم,1316283,1,
508,اصول سيستمهاي کامپيوتري,1218374,1,
508,برنامه سازي پيشرفته وکارگاه,1316234,2,
508,بهينه,1218183,1,
508,ساختمان داده,1218304,1,
508,شبيه,1128413,1,
509,اصول مديريت,1126713,1,
509,شبيه,1128413,1,
509,مباني کارآفريني,1236322,2,
509,نرم,1316283,1,
510,اصول مديريت,1126713,1,
510,شبيه,1128413,1,
510,مباني منطق و نظريه مجموعه,1218243,1,
510,نرم,1316283,1,
510,نظريه محاسبه,1218313,1,
511,مباحثي در رياضيات و کاربردها,1218463,1,
511,نرم,1316283,1,
511,نظريه گراف,1129043,1,
512,کارگاه کامپيوتر 1,1218281,3,
512,شبيه,1128413,1,
512,مباني منطق و نظريه مجموعه,1218243,2,
513,آموزش رياضيات,1218553,1,
514,زبان تخصصي,1218603,1,
515,آموزش رياضيات,1218553,1,
515,مباحثي در رياضيات و کاربردها,1218463,1,
515,نرم,1316283,1,
516,اصول حسابداري و هزينه,1126743,1,
516,شبيه,1128413,1,
516,مباحثي در رياضيات و کاربردها,1218463,1,
516,نرم,1316283,1,
517,جبر خطي عددي,1218193,1,
517,شبيه,1128413,1,
517,طراحي هندسي کامپيوتري,1218383,1,
517,مباني آناليز عددي,1218133,1,
517,مباني منطق و نظريه مجموعه,1218243,1,
518,اصول طراحي نرم افزار وکارگاه,1380044,1,
518,بهينه,1218343,1,
518,شبيه,1128413,1,
518,طراحي هندسي کامپيوتري,1218383,1,
519,زبان تخصصي,1218603,1,
519,نرم,1316283,1,
520,شبيه,1128413,1,
520,نرم,1316283,1,
521,بهينه,1218183,1,
521,شبيه,1128413,1,
521,مباحثي در رياضيات و کاربردها,1218463,1,
521,نرم,1316283,1,
521,نظريه محاسبه,1218313,1,
521,هوش مصنوعي,1255033,1,
522,شبيه,1128413,1,
522,نظريه محاسبه,1218313,1,
523,اصول طراحي نرم افزار وکارگاه,1380044,1,
523,شبيه,1128413,1,
523,مباحثي در رياضيات و کاربردها,1218463,1,
523,نظريه گراف,1129043,1,
523,هوش مصنوعي,1255033,1,
524,آناليز عددي,1218473,1,
524,مباني منطق و نظريه مجموعه,1218243,1,
524,نظريه محاسبه,1218313,1,
524,نظريه مقدماتي اعداد,1218253,1,
524,هوش مصنوعي,1255033,2,
525,جبر خطي عددي,1218193,1,
525,زبان تخصصي,1218603,1,
525,مباني منطق و نظريه مجموعه,1218243,1,
525,نرم,1316283,1,
526,فلسفه علم,1218563,1,
526,نرم,1316283,1,
526,هوش مصنوعي,1255033,1,
527,آناليز عددي,1218473,1,
527,بهينه,1254083,1,
527,جبر,1218433,1,
527,مباني منطق و نظريه مجموعه,1218243,2,
527,نظريه مقدماتي اعداد,1218253,1,
527,هوش مصنوعي,1255033,1,
528,ساختمان داده,1218304,1,
528,مباني آناليز رياضي,1218123,1,
528,نظريه مقدماتي اعداد,1218253,1,
529,آموزش رياضيات,1218553,1,
529,مباني ماتريسها و جبر خطي,1218103,1,
530,توپولوژي عمومي,1218233,1,
530,توابع مختلط,1218263,1,
530,مباحثي در رياضيات و کاربردها,1218463,1,
530,مباني سيستمهاي ديناميکي,1218583,1,
530,نظريه محاسبه,1218313,1,
531,آناليز رياضي,1218153,1,
531,بهينه,1218183,1,
531,توابع مختلط,1218263,1,
531,جبر خطي عددي,1218193,1,
531,ساختمان داده,1218304,1,
531,مباني آناليز عددي,1218133,1,
532,توابع مختلط,1218263,1,
532,نرم,1316283,1,
532,هوش مصنوعي,1255033,1,
533,آناليز عددي,1218473,1,
533,بهينه,1218343,1,
533,توپولوژي عمومي,1218233,1,
533,روش تحقيق و گزارش,1218272,1,
533,زبان تخصصي,1218603,1,
533,مباني سيستمهاي ديناميکي,1218583,1,
534,بهينه,1254083,1,
534,بهينه,1218343,1,
534,مباحثي در رياضيات و کاربردها,1218463,1,
535,احتمال 1,1218203,1,
535,اصول طراحي نرم افزار وکارگاه,1380044,1,
535,فلسفه علم,1218563,1,
535,مباني آناليز عددي,1218133,1,
536,آموزش رياضيات,1218553,1,
536,روش تحقيق و گزارش,1218272,1,
537,اصول حسابداري و هزينه,1126743,1,
537,بهينه,1218343,1,
538,بهينه,1254083,1,
538,ساختمان داده,1218304,1,
538,مباني جبر,1218173,1,
538,مباني منطق و نظريه مجموعه,1218243,2,
538,معادلات ديفرانسيل با مشتقات جزئي,1218223,1,
539,آموزش رياضيات,1218553,1,
539,احتمال 1,1218203,1,
539,اصول سيستمهاي کامپيوتري,1218374,1,
539,مباحثي در رياضيات و کاربردها,1218463,1,
539,نرم,1316283,1,
540,آناليز رياضي,1218153,1,
540,بهينه,1218343,1,
540,جبر خطي عددي,1218193,1,
540,مباني منطق و نظريه مجموعه,1218243,2,
540,نرم,1316283,1,
541,آناليز رياضي,1218153,1,
541,توپولوژي عمومي,1218233,1,
541,شبيه,1128413,1,
541,مباني سيستمهاي ديناميکي,1218583,1,
542,اصول طراحي نرم افزار وکارگاه,1380044,1,
542,بهينه,1254083,1,
542,توابع مختلط,1218263,1,
542,معادلات ديفرانسيل با مشتقات جزئي,1218223,1,
542,هوش مصنوعي,1255033,2,
543,احتمال 1,1218203,1,
543,اصول طراحي نرم افزار وکارگاه,1380044,1,
543,توپولوژي عمومي,1218233,1,
543,مباني سيستمهاي ديناميکي,1218583,1,
543,معادلات ديفرانسيل با مشتقات جزئي,1218223,1,
544,آموزش رياضيات,1218553,1,
544,اصول سيستمهاي کامپيوتري,1218374,1,
544,بهينه,1218343,1,
544,توابع مختلط,1218263,1,
544,مباحثي در رياضيات و کاربردها,1218463,1,
544,نرم,1316283,1,
544,نظريه گراف,1129043,1,
545,آناليز عددي,1218473,1,
545,شبيه,1128413,1,
545,مباني آناليز عددي,1218133,1,
545,مباني سيستمهاي ديناميکي,1218583,1,
545,هوش مصنوعي,1255033,1,
546,احتمال 1,1218203,1,
546,ساختمان داده,1218304,1,
546,مباني سيستمهاي ديناميکي,1218583,1,
546,معادلات ديفرانسيل با مشتقات جزئي,1218223,1,
547,اصول طراحي نرم افزار وکارگاه,1380044,1,
547,توپولوژي عمومي,1218233,1,
547,شبيه,1128413,1,
547,مباني سيستمهاي ديناميکي,1218583,1,
547,معادلات ديفرانسيل با مشتقات جزئي,1218223,1,
548,ساختمان داده,1218304,2,
548,شبيه,1128413,1,
548,مباحثي در رياضيات و کاربردها,1218463,1,
548,نرم,1316283,1,
548,نظريه مقدماتي اعداد,1218253,1,
549,کارگاه کامپيوتر 1,1218281,1,
549,بهينه,1218343,1,
549,مباني جبر,1218173,1,
549,نظريه محاسبه,1218313,1,
550,آناليز رياضي,1218153,1,
550,اصول طراحي نرم افزار وکارگاه,1380044,1,
550,توپولوژي عمومي,1218233,1,
551,آموزش رياضيات,1218553,1,
551,اصول حسابداري و هزينه,1126743,1,
551,اصول سيستمهاي کامپيوتري,1218374,1,
551,توابع مختلط,1218263,1,
551,زبان تخصصي,1218603,1,
551,مباحثي در رياضيات و کاربردها,1218463,1,
552,زبان تخصصي,1218603,1,
552,مباني منطق و نظريه مجموعه,1218243,2,
552,هوش مصنوعي,1255033,1,
553,آموزش رياضيات,1218553,1,
553,بهينه,1254083,1,
553,زبان تخصصي,1218603,1,
553,شبيه,1128413,1,
553,نرم,1316283,1,
554,آموزش رياضيات,1218553,1,
554,بهينه,1254083,1,
554,زبان تخصصي,1218603,1,
554,شبيه,1128413,1,
554,نرم,1316283,1,
555,مباحثي در رياضيات و کاربردها,1218463,1,
555,مباني آناليز عددي,1218133,1,
555,معادلات ديفرانسيل با مشتقات جزئي,1218223,1,
555,نرم,1316283,1,
556,جبر خطي عددي,1218193,1,
556,زبان تخصصي,1218603,1,
556,شبيه,1128413,1,
556,مباني منطق و نظريه مجموعه,1218243,2,
556,نرم,1316283,1,
557,آناليز عددي,1218473,1,
557,اصول حسابداري و هزينه,1126743,1,
557,برنامه سازي پيشرفته وکارگاه,1316234,2,
557,بهينه,1218343,1,
557,فلسفه علم,1218563,1,
557,مباني سيستمهاي ديناميکي,1218583,1,
558,آموزش رياضيات,1218553,1,
558,اصول سيستمهاي کامپيوتري,1218374,1,
558,بهينه,1218343,1,
558,مباحثي در رياضيات و کاربردها,1218463,1,
558,نرم,1316283,1,
559,آناليز رياضي,1218153,1,
559,توابع مختلط,1218263,1,
559,مباني سيستمهاي ديناميکي,1218583,1,
560,اصول طراحي نرم افزار وکارگاه,1380044,1,
560,بهينه,1254083,1,
560,توابع مختلط,1218263,1,
560,معادلات ديفرانسيل با مشتقات جزئي,1218223,1,
560,هوش مصنوعي,1255033,2,
561,آموزش رياضيات,1218553,1,
561,اصول سيستمهاي کامپيوتري,1218374,1,
561,بهينه,1218343,1,
561,توابع مختلط,1218263,1,
561,مباحثي در رياضيات و کاربردها,1218463,1,
562,آناليز رياضي,1218153,1,
562,توپولوژي عمومي,1218233,1,
562,جبر خطي عددي,1218193,1,
563,توابع مختلط,1218263,1,
563,مباني سيستمهاي ديناميکي,1218583,1,
563,معادلات ديفرانسيل با مشتقات جزئي,1218223,1,
564,اصول طراحي نرم افزار وکارگاه,1380044,1,
564,جبر خطي عددي,1218193,1,
564,شبيه,1128413,1,
564,طراحي هندسي کامپيوتري,1218383,1,
564,طراحي و تحليل الگوريتمها,1218323,1,
564,هوش مصنوعي,1255033,1,
565,کامپايلر,1218353,1,
565,زبان تخصصي,1218603,1,
565,شبيه,1128413,1,
565,نرم,1316283,1,
565,نظريه مقدماتي اعداد,1218253,1,
566,برنامه سازي پيشرفته وکارگاه,1316234,1,
566,بهينه,1254083,1,
566,بهينه,1218343,1,
566,شبيه,1128413,1,
566,مباني سيستمهاي ديناميکي,1218583,1,
567,آناليز عددي,1218473,1,
567,طراحي و تحليل الگوريتمها,1218323,1,
567,فلسفه علم,1218563,1,
567,نرم,1316283,1,
568,آناليز عددي,1218473,1,
568,بهينه,1218343,1,
568,طراحي هندسي کامپيوتري,1218383,1,
568,نظريه محاسبه,1218313,1,
568,هوش مصنوعي,1255033,1,
569,کامپايلر,1218353,1,
569,اصول طراحي نرم افزار وکارگاه,1380044,1,
569,اصول مديريت,1126713,1,
569,مباني آناليز عددي,1218133,1,
570,مباني ترکيبيات,1218163,1,
570,نظريه محاسبه,1218313,1,
571,اصول طراحي نرم افزار وکارگاه,1380044,1,
571,اصول مديريت,1126713,1,
571,شبيه,1128413,1,
571,طراحي هندسي کامپيوتري,1218383,1,
571,نرم,1316283,1,
571,نظريه محاسبه,1218313,1,
572,کامپايلر,1218353,1,
572,بهينه,1254083,1,
572,جبر خطي عددي,1218193,1,
572,شبيه,1128413,1,
573,بهينه,1254083,1,
573,جبر خطي عددي,1218193,1,
573,شبيه,1128413,1,
573,مباني آناليز عددي,1218133,2,
574,بهينه,1254083,1,
574,شبيه,1128413,1,
574,مباحثي در رياضيات و کاربردها,1218463,1,
575,کارگاه کامپيوتر 1,1218281,1,
575,آموزش رياضيات,1218553,1,
575,جبر خطي عددي,1218193,1,
575,معادلات ديفرانسيل با مشتقات جزئي,1218223,1,
575,نظريه مقدماتي اعداد,1218253,1,
576,آناليز رياضي,1218153,1,
576,احتمال 1,1218203,1,
576,اصول مديريت,1126713,1,
576,نرم,1316283,1,
577,کارگاه کامپيوتر 1,1218281,1,
577,آناليز رياضي,1218153,1,
577,بهينه,1254083,1,
577,بهينه,1218343,1,
577,شبيه,1128413,1,
577,مباني سيستمهاي ديناميکي,1218583,1,
578,آموزش رياضيات,1218553,1,
578,شبيه,1128413,1,
578,معادلات ديفرانسيل با مشتقات جزئي,1218223,1,
578,نظريه مقدماتي اعداد,1218253,1,
579,مباني جبر,1218173,1,
579,مباني منطق و نظريه مجموعه,1218243,1,
579,نظريه محاسبه,1218313,1,
580,بهينه,1254083,1,
580,زبان تخصصي,1218603,1,
580,مباني کارآفريني,1236322,1,
580,مباني سيستمهاي ديناميکي,1218583,1,
580,نرم,1316283,1,
580,نظريه مقدماتي اعداد,1218253,1,